"","Division_ID","Division","G9","G10","G11","G12","PostGraduate","High_Stu_Total","Stu_disadvantaged","Stu_disabled","Dropout","Dropout_rate","GEO_ID","Population","Male(%)","Female(%)","Median_age","Hispanic+Latino(%)","White(%)","Black(%)","Amr_Indian+Alaska(%)","Asian(%)","Hawaiian(%)","Other_race(%)","More_races(%)","Housing_units","Household_Median_Income (dollar)","<9th_grade(%)","High_school_or_higher(%)","Bachelor_or_higher(%)","Population_(16yr<)","In_labor_force(%)","Household_with_children (6~ 17yr)","All_parents_in_labor_force_with_child(6~17yr)(%)","Workers (16yr<)","Mean_Commuting_time (minutes)","With_health_insurance(%)","Private_health_insurance(%)","With_public_coverage(%)","Num_Households","computing_devices>=1(%)","Internet_access(%)","FID","STATEFP","COUNTYFP","COUNTYNS","GEOID","NAME","LSAD","CLASSFP","MTFCC","CSAFP","CBSAFP","METDIVFP","FUNCSTAT","ALAND","AWATER","INTPTLAT","INTPTLON","SHAPE_Leng","SHAPE_Area","num_service.x","num_service_per_unit_area","num_service.y"
"1",1,"Accomack County",430,423,345,343,9,1550,566,207,34,1.46,"0500000US51001",33388,0.49,0.51,47,9.1,59.7,28.5,0.2,0.8,0,0.1,1.6,21661,50601,5.94,82,21,"27,325","55.4","4,297","78.1","14,104","22.1","87.7","59.6","46.1",14152,84.03,77.46,36,"51","001","01480091","51001","Accomack","06","H1","G4020",NA,NA,NA,"A",1164189409,2228793885,"+37.7659435","-075.7578073",3.05058423828007,5438546350.18,14,0.412616207590794,14
"2",2,"Albemarle County",1036,1129,1061,1075,NA,4301,1041,550,53,0.83,"0500000US51003",111438,0.48,0.52,39,5.9,76.4,8.7,0.3,5.5,0.1,0.2,3,46661,90568,2.21,93,59,"91,542","62.2","15,018","78.2","53,991","21.9","94.3","82.2","26.7",43066,95.13,89.55,122,"51","003","01675170","51003","Albemarle","06","H1","G4020",NA,"16820",NA,"A",1866599957,14035664,"+38.0241841","-078.5535056",2.35713026648397,3035449598.37,10,0.531735119731411,10
"3",101,"Alexandria city",1139,1132,911,991,1,4174,2804,447,100,1.55,"0500000US51510",158185,0.48,0.52,37,16.5,51.5,21.1,0.1,6.4,0,0.3,4.1,80040,105450,4.13,93,65,"131,596","78.3","16,039","70.1","98,482","30.9","90.8","78.7","22.3",74224,96.66,93.2,28,"51","510","01498415","51510","Alexandria","25","C7","G4020","548","47900","47894","F",38919750,1140359,"+38.8183429","-077.0820263",0.355414546421474,66086670.3158,20,49.9249844681524,20
"4",3,"Alleghany County",157,167,133,162,NA,619,219,85,13,1.45,"0500000US51005",15266,0.49,0.51,48,1.6,91.2,5.5,0,0,0,0.3,1.4,7948,49705,3.69,89,15,"12,720","51.8","1,972","63.5","6,270","24.1","93.3","63.9","43.8",6405,85.45,76.71,15,"51","005","01673675","51005","Alleghany","06","H1","G4020",NA,NA,NA,"A",1153727346,8535509,"+37.7879048","-080.0086690",2.11475435672632,1864085716.27,2,0.172078401556273,2
"5",4,"Amelia County",149,129,118,100,NA,496,201,66,7,0.92,"0500000US51007",13220,0.49,0.51,45,3.3,73.3,22,0,0,0,0,1.3,5675,57420,6.6,85,18,"10,745","62.7","2,022","60.6","6,187","38.1","92.2","72.4","35",5190,85.32,77.59,102,"51","007","01497770","51007","Amelia","06","H1","G4020",NA,"40060",NA,"A",920142628,8424829,"+37.3319271","-077.9774619",1.83741668591067,1471482716.27,1,0.10769276672099,1
"6",5,"Amherst County",324,313,266,292,NA,1195,654,154,17,0.91,"0500000US51009",31381,0.48,0.52,45,2.6,74.2,18.5,0.8,0.7,0.1,0.8,2.3,14229,60876,4.04,88,22,"25,876","61.3","3,813","83.4","14,718","28.3","91.1","69.5","35.6",12538,87.33,78.27,33,"51","009","01480095","51009","Amherst","06","H1","G4020",NA,"31340",NA,"A",1227484488,12730184,"+37.6303621","-079.1478477",1.89897898004679,1979410317.94,9,0.725680728243693,9
"7",6,"Appomattox County",178,153,182,166,NA,679,270,68,6,0.58,"0500000US51011",16039,0.48,0.52,43,2,76.5,18.1,0,0.2,0,1.1,2,7261,55268,4.08,89,20,"12,956","60.5","2,286","67.1","7,386","25.3","91","66.2","41.2",6187,88.35,76.84,71,"51","011","01497238","51011","Appomattox","06","H1","G4020",NA,"31340",NA,"A",863744555,3204506,"+37.3707253","-078.8109404",1.37481932089471,1375154600.65,2,0.230694053673272,2
"8",7,"Arlington County",1884,2030,1861,1907,NA,7682,1460,1353,99,0.84,"0500000US51013",235764,0.5,0.5,35,15.5,60.2,9.1,0.2,10.2,0,0.5,4.3,117546,128145,3.36,95,76,"196,986","78.6","26,725","76","148,211","28.4","94","87.7","15.6",109528,96.65,93.56,77,"51","013","01480097","51013","Arlington","06","H1","G4020","548","47900","47894","A",67273576,244125,"+38.8783374","-077.1007034",0.421097834665255,111570308.562,20,29.6218762969782,20
"9",8,"Augusta County",834,829,762,822,NA,3247,1200,337,32,0.66,"0500000US51015",76948,0.51,0.49,45,3.2,89.6,4.3,0.2,0.6,0.1,0.3,1.7,32502,69082,3.66,89,23,"64,039","59.4","9,598","78.9","36,339","25","91.9","73","35.4",29880,89.8,82.18,74,"51","015","01480098","51015","Augusta","06","H1","G4020",NA,"44420",NA,"A",2504523495,9987921,"+38.1678073","-079.1466816",3.17544189847327,4074209341.58,8,0.318151940838449,8
"10",9,"Bath County",37,42,37,35,NA,151,70,0,0,0,"0500000US51017",4243,0.51,0.49,51,0.4,95.2,3.7,0.4,0.3,0,0,0,3349,55807,7.5,85,19,"N/A","N/A","N/A","N/A","N/A","N/A","N/A","N/A","N/A",1823,83.43,75.75,109,"51","017","01673638","51017","Bath","06","H1","G4020",NA,NA,NA,"A",1370512649,14049859,"+38.0689876","-079.7328980",1.87002890311561,2236921617.75,NA,NA,NA
"11",10,"Bedford County",781,747,717,804,NA,3049,1041,346,44,0.98,"0500000US51019",79183,0.49,0.51,47,2.5,86.8,6.2,0.1,1.2,0,0.4,2.9,37207,70870,2.43,92,31,"65,418","58.7","10,251","71","36,552","26.4","93.5","76.6","34.5",32269,92.08,83.83,8,"51","019","01674818","51019","Bedford","06","H1","G4020",NA,"31340",NA,"A",1950315044,42043812,"+37.3124079","-079.5279466",2.93189842249232,3155512495.47,3,0.150575278492215,3
"12",11,"Bland County",43,60,54,64,NA,221,108,20,4,1.19,"0500000US51021",6278,0.57,0.43,46,0.9,93.5,4.5,0,0.1,0,0,1,3204,54556,3.14,89,13,"N/A","N/A","N/A","N/A","N/A","N/A","N/A","N/A","N/A",2260,78.05,63.36,113,"51","021","01494613","51021","Bland","06","H1","G4020",NA,NA,NA,"A",926503446,2598048,"+37.1306124","-081.1258532",1.86143025661662,1464524913.97,4,0.430523412535788,4
"13",12,"Botetourt County",372,388,392,381,NA,1533,314,159,12,0.54,"0500000US51023",33542,0.5,0.5,47,1.9,91.8,2.6,0.2,0.5,0.2,0,2.7,14867,72941,2.63,94,27,"27,915","60.6","4,561","75.5","15,842","26.2","94.5","77.6","32.6",13076,88.48,83.79,123,"51","023","01674418","51023","Botetourt","06","H1","G4020",NA,"40220",NA,"A",1401706902,12195520,"+37.5531930","-079.8053176",1.9501661281348,2253760580,NA,NA,NA
"14",102,"Bristol city",170,164,163,139,NA,636,402,98,12,1.25,"0500000US51520",16996,0.47,0.53,43,2.6,87.8,6,0,0.3,0,0,3.4,8692,43879,2.57,87,23,"13,855","58","2,208","70.1","7,611","18.1","86.8","55.9","44",7347,85.31,76.59,64,"51","520","01498416","51520","Bristol","25","C7","G4020","304","28700",NA,"F",33703514,363160,"+36.6169541","-082.1575641",0.510469895546825,52984174.1346,10,29.3541800747629,10
"15",13,"Brunswick County",114,121,123,98,NA,456,324,71,15,2.22,"0500000US51025",16044,0.54,0.46,43,1.6,40.7,55,0.2,0,0,0,2.5,7944,49597,5.63,78,16,"13,723","49.6","1,669","74.5","6,124","31.7","94.3","63.5","46.5",5905,84.81,78.14,48,"51","025","01493961","51025","Brunswick","06","H1","G4020",NA,NA,NA,"A",1466381608,8317961,"+36.7645309","-077.8609162",1.62014276762034,2302318434.95,3,0.203431264229991,3
"16",14,"Buchanan County",210,200,203,209,NA,822,411,129,4,0.33,"0500000US51027",20615,0.5,0.5,48,0.9,94.4,2.3,0.8,0.1,0,0.2,1.2,10475,37093,10.53,74,11,"17,691","37.6","2,156","57.3","6,155","27.7","91.7","46.9","58.9",7440,79.74,70.59,131,"51","027","01497431","51027","Buchanan","06","H1","G4020",NA,NA,NA,"A",1302149038,2798059,"+37.2681198","-082.0381508",2.27479676488309,2064149103.82,6,0.459788718293094,6
"17",15,"Buckingham County",160,151,133,129,1,574,288,86,5,0.54,"0500000US51029",16832,0.55,0.45,43,2.5,61.2,32.6,0.5,0,0,0.2,2.9,7178,49841,8.54,81,12,"14,074","49","1,806","72.4","6,189","39.3","88.2","58.2","43.5",5724,80.96,66.02,38,"51","029","01501502","51029","Buckingham","06","H1","G4020",NA,NA,NA,"A",1501304595,10098864,"+37.5739280","-078.5291687",1.98031449549482,2410145080.38,1,0.0661636690653564,1
"18",103,"Buena Vista city",65,76,64,72,NA,277,123,17,8,1.92,"0500000US51530",6649,0.46,0.54,36,1.7,87.3,7.5,0.1,0.7,0.3,0.5,1.8,2941,42156,5.74,80,19,"N/A","N/A","N/A","N/A","N/A","N/A","N/A","N/A","N/A",2581,83.84,84.15,26,"51","530","01498417","51530","Buena Vista","25","C7","G4020",NA,NA,NA,"F",17362253,223855,"+37.7316634","-079.3563746",0.275642817249628,28162997.4464,3,17.0589197349764,3
"19",16,"Campbell County",604,564,615,572,NA,2355,1027,322,25,0.69,"0500000US51031",55656,0.49,0.51,43,2.9,78.3,14.2,0.2,0.9,0,0.5,2.9,25159,53918,3.78,89,24,"45,702","59.8","7,215","71.1","25,585","24","92","68.7","36.9",22243,88.73,78.52,66,"51","031","01674917","51031","Campbell","06","H1","G4020",NA,"31340",NA,"A",1305008849,8962132,"+37.2101510","-079.0954285",2.07980312242733,2075087711.48,3,0.228315541779192,3
"20",17,"Caroline County",326,322,271,267,NA,1186,533,168,16,0.89,"0500000US51033",30861,0.5,0.5,40,5.5,63.1,25.5,0.4,1,0,0.7,3.9,12373,76528,3.43,89,22,"24,587","67.5","4,203","68","15,635","34.3","93.2","75.5","32.4",11000,93.39,82.75,129,"51","033","01480107","51033","Caroline","06","H1","G4020",NA,"40060",NA,"A",1366252496,24232983,"+38.0303193","-077.3523482",2.3650515136781,2244553094.09,3,0.21575198324484,3
"21",18,"Carroll County",269,289,250,257,NA,1065,640,177,7,0.43,"0500000US51035",29123,0.51,0.49,48,4,93.8,0.4,0.1,0,0,0,1.7,16616,45220,8.67,82,15,"24,494","53.9","3,318","71.5","12,226","26.9","90.2","60.6","45.8",12127,81.83,75.71,114,"51","035","01480108","51035","Carroll","06","H1","G4020",NA,NA,NA,"A",1229441069,7648324,"+36.7324256","-080.7280430",1.79734758012464,1929692705.68,4,0.323339606712606,4
"22",19,"Charles city County",47,59,36,47,NA,189,88,0,4,1.54,"0500000US51036",6817,0.5,0.5,51,2.1,43.1,44.2,5.9,0.3,0,0.1,4.3,3261,59543,3.98,83,16,"N/A","N/A","N/A","N/A","N/A","N/A","N/A","N/A","N/A",2932,82.81,67.94,NA,NA,NA,NA,NA,NA,NA,NA,NA,NA,NA,NA,NA,NA,NA,NA,NA,NA,NA,NA,NA,NA
"23",20,"Charlotte County",142,147,154,121,NA,564,252,80,3,0.37,"0500000US51037",11605,0.51,0.49,47,2.4,68,26.7,0,0.4,0,0,2.4,6003,45567,4.97,84,15,"9,274","53","1,641","72.6","4,571","31","89.8","58.7","45.7",4606,77.64,69.56,97,"51","037","01492442","51037","Charlotte","06","H1","G4020",NA,NA,NA,"A",1230945730,5827738,"+37.0140909","-078.6614240",1.94758106932406,1943282202.62,2,0.161711102470007,2
"24",104,"Charlottesville city",319,324,293,258,6,1200,569,173,34,1.9,"0500000US51540",46597,0.48,0.52,33,5.7,65.4,17.9,0.2,7,0,0.5,3.3,21285,63470,2.79,92,58,"39,922","64.5","4,143","77.4","24,261","17.7","93","78.8","23.4",19312,95.05,87.87,12,"51","540","01789068","51540","Charlottesville","25","C7","G4020",NA,"16820",NA,"F",26517351,52974,"+38.0376579","-078.4853806",0.384480356295864,42902513.9193,18,67.7447635023928,18
"25",136,"Chesapeake city",3346,3365,3256,3276,NA,13243,4978,2349,201,1.02,"0500000US51550",247172,0.49,0.51,37,6.8,55.8,28.8,0.1,3.4,0.1,0.5,4.5,94035,85563,2.1,94,35,"193,851","67","39,809","74.5","121,283","26.1","93.3","78.8","28.5",89413,96.62,93,31,"51","550","01498558","51550","Chesapeake","25","C7","G4020",NA,"47260",NA,"F",882669160,26052854,"+36.6793761","-076.3017884",1.45459671353547,1415531826.29,30,3.30130837452089,30
"26",21,"Chesterfield County",5114,5102,4832,4796,NA,19844,5952,2567,415,1.4,"0500000US51041",359798,0.48,0.52,39,9.5,60,22.9,0.2,3.3,0.1,0.4,3.6,136775,88315,3.14,93,41,"284,357","68.1","55,870","76.7","181,447","26.4","92.5","78","28.3",131350,96.38,92.32,86,"51","041","01480111","51041","Chesterfield","06","H1","G4020",NA,"40060",NA,"A",1096334123,35373004,"+37.3784338","-077.5858474",2.37841468719408,1795409033.2,31,2.73922463927079,31
"27",22,"Clarke County",186,154,169,155,NA,664,165,71,1,0.1,"0500000US51043",14726,0.5,0.5,48,6.2,85,4.8,0,1.5,0,0.3,2.2,6341,86633,2.49,92,35,"12,296","62","1,994","76.6","7,237","35.9","92.1","80.3","28.1",5692,94.69,85.38,121,"51","043","01690562","51043","Clarke","06","H1","G4020","548","47900","47894","A",456297608,5658685,"+39.1159309","-077.9920039",1.04834072793751,768381660.425,1,0.216470690931582,1
"28",106,"Colonial Heights city",210,226,190,207,NA,833,444,140,10,0.78,"0500000US51570",18127,0.46,0.54,39,6.7,70.3,16.2,0.2,3.5,0,0,3,8107,65570,3.64,92,26,"14,372","64.6","2,658","82","8,490","26.1","92.2","72.6","38.1",7465,92.54,85.1,9,"51","570","01498420","51570","Colonial Heights","25","C7","G4020",NA,"40060",NA,"F",19476222,757308,"+37.2616846","-077.3968043",0.288391935110563,32003635.7735,3,14.8268778913813,3
"29",107,"Covington city",81,72,61,70,NA,284,111,46,1,0.22,"0500000US51580",5716,0.48,0.52,42,2.6,80.5,11.9,0,1.2,0,0,3.8,3046,41242,2.36,89,14,"N/A","N/A","N/A","N/A","N/A","N/A","N/A","N/A","N/A",2547,88.34,83.16,117,"51","580","01789069","51580","Covington","25","C7","G4020",NA,NA,NA,"F",14163342,522060,"+37.7781426","-079.9860390",0.223685296719777,23547348.3281,2,13.6189658682842,2
"30",23,"Craig County",44,38,47,40,NA,169,76,36,3,1.11,"0500000US51045",4914,0.48,0.52,49,0,96.2,0,0,0,0,0,3.8,2623,60283,3.98,89,21,"N/A","N/A","N/A","N/A","N/A","N/A","N/A","N/A","N/A",1941,94.59,87.53,85,"51","045","01673664","51045","Craig","06","H1","G4020",NA,"40220",NA,"A",853489575,2798849,"+37.4731287","-080.2317340",1.54367371765277,1362170489.24,3,0.35034918094881,3
"31",24,"Culpeper County",724,666,640,558,1,2589,1206,250,79,2.02,"0500000US51047",52021,0.5,0.5,39,11.9,68.5,12.9,0.3,0.9,0.1,0.4,5,19020,85274,3.86,89,27,"40,924","65.5","7,908","68","25,297","37.1","90.9","71.3","31.9",17692,93.62,89.35,107,"51","047","01497831","51047","Culpeper","06","H1","G4020","548","19020",NA,"A",982210880,8572019,"+38.4859303","-077.9564758",2.14304870188273,1619517277.67,9,0.908372539801177,9
"32",25,"Cumberland County",97,104,83,98,NA,382,202,40,8,1.39,"0500000US51049",9669,0.5,0.5,45,1.2,63.5,30,0.1,0.8,0,0,4.5,4638,57568,4.83,88,17,"8,106","64.2","1,385","62.3","4,912","38.8","90.5","70.8","34.6",3990,86.52,75.76,69,"51","049","01494109","51049","Cumberland","06","H1","G4020",NA,"40060",NA,"A",770419680,5931701,"+37.5201891","-078.2528364",1.47184547874546,1236023851.62,NA,NA,NA
"33",108,"Danville city",422,407,360,361,NA,1550,776,251,67,2.84,"0500000US51590",42556,0.46,0.54,41,4.7,40.9,48.9,0,1.3,0.1,0.2,3.8,22264,38904,5.13,84,18,"34,118","52.9","6,038","62.9","16,324","19","90.6","54.1","50.9",18590,84.83,72.95,11,"51","590","01498421","51590","Danville","25","C7","G4020",NA,"19260",NA,"F",111198690,2627089,"+36.5833337","-079.4080707",0.724148744585793,176875166.214,15,13.1780312110679,15
"34",26,"Dickenson County",165,153,149,124,NA,591,304,109,3,0.34,"0500000US51051",14256,0.51,0.49,45,1,97.4,0.8,0.1,0.1,0,0,0.4,7382,33905,8.41,80,10,"11,856","37.7","1,904","54.7","4,227","27.1","93","52.3","57.1",5573,81.45,72.71,101,"51","051","01497376","51051","Dickenson","06","H1","G4020",NA,NA,NA,"A",856074990,8106938,"+37.1370810","-082.3492083",1.3938428729049,1361899746.36,3,0.347149113144717,3
"35",27,"Dinwiddie County",364,318,325,302,NA,1309,785,200,18,0.92,"0500000US51053",28040,0.5,0.5,43,3.8,62.2,31.5,0,0.8,0.1,0.5,1.3,11775,68918,3.8,89,18,"22,910","61.4","3,666","79.4","12,998","31.1","93.9","73.4","35.9",10268,89.61,79.23,58,"51","053","01690739","51053","Dinwiddie","06","H1","G4020",NA,"40060",NA,"A",1304619091,9001580,"+37.0734984","-077.6354922",1.75054010522113,2067491624.47,3,0.228376425847036,3
"36",28,"Essex County",99,110,107,97,NA,413,256,50,4,0.65,"0500000US51057",10621,0.46,0.54,47,4,54.1,38.2,0,0.6,0,0.1,3.1,5744,54375,4.95,85,16,"8,881","56.2","1,269","81.6","4,371","36.4","89.9","57.6","51.8",4299,84.39,69.62,99,"51","057","01480118","51057","Essex","06","H1","G4020",NA,NA,NA,"A",665944397,74793601,"+37.9394802","-076.9418713",1.81176298513471,1192883200.77,1,0.135000495953538,1
"37",29,"Fairfax County",14678,14993,14800,14713,NA,59184,18367,8574,1135,1.29,"0500000US51059",1170805,0.99,1.01,76,34.1,103.9,14.9,0.1,38.3,0.1,0.8,7.8,434588,252466,6.76,186,125,"925748","143.7","180517","152.9","624580","60.9","185.5","166.2","41.9",417763,196.37,191.44,52,"51","059","01480119","51059","Fairfax","06","H1","G4020","548","47900","47894","A",1012605105,39566613,"+38.8337425","-077.2761174",2.16903368732949,1736553624.64,121,11.500024766144,121
"38",109,"Falls Church city",205,218,226,210,NA,859,83,100,5,0.38,"0500000US51610",14494,0.5,0.5,39,10.7,70.6,4.5,0,9.2,0,0.3,4.6,6069,155071,1.53,97,79,"11,459","74.3","2,593","69.4","7,973","27.8","98.9","95.7","13.9",5630,99.17,96.54,100,"51","610","01498423","51610","Falls Church","25","C7","G4020","548","47900","47894","F",5176824,6,"+38.8837873","-077.1746385",0.113169441733745,8555872.95126,1,19.3168423292142,1
"39",30,"Fauquier County",903,939,911,942,7,3702,810,545,33,0.62,"0500000US51061",72416,0.5,0.5,41,9.2,78.6,6.8,0.3,1.6,0,0.2,3.2,27966,111368,2.74,93,38,"57,539","66.9","11,573","69.4","36,740","38.7","92.3","81.8","24.2",25472,94.96,90.89,78,"51","061","01480120","51061","Fauquier","06","H1","G4020","548","47900","47894","A",1676885572,9779777,"+38.7441032","-077.8215847",2.3350541710969,2776330943.43,6,0.355731489005292,6
"40",31,"Floyd County",162,150,165,142,NA,619,230,87,2,0.22,"0500000US51063",15536,0.49,0.51,48,2.9,92.9,2.8,0.1,0.4,0,0.2,0.6,7933,51612,4.14,90,21,"12,960","61","2,157","79.3","7,590","33.5","92.9","71.3","35.8",6695,83.29,76.76,6,"51","063","01494354","51063","Floyd","06","H1","G4020",NA,NA,NA,"A",985283901,2257553,"+36.9314381","-080.3503087",1.9072009770868,1548436147.64,3,0.303784710040529,3
"41",32,"Fluvanna County",326,299,299,265,NA,1189,443,167,21,1.21,"0500000US51065",27078,0.47,0.53,43,3.8,76.9,14.4,0.1,0.8,0.1,0.6,3.4,11061,82983,1.45,93,36,"22,257","61","3,706","78.1","12,986","32.7","92","77.9","29.6",9979,94.11,89.61,39,"51","065","01494061","51065","Fluvanna","06","H1","G4020",NA,"16820",NA,"A",740750101,10731304,"+37.8305761","-078.2844345",1.12986500068601,1207016744.12,NA,NA,NA
"42",135,"Franklin city",80,83,63,67,NA,293,201,40,9,1.97,"0500000US51620",8249,0.47,0.53,39,2.9,37.6,53.3,0,2.8,0,0,3.4,3878,49424,4.63,84,21,"6,252","59.8","1,221","78.1","3,362","25.9","95.6","57.4","55.5",3474,87.77,79.56,112,"51","620","01498424","51620","Franklin","25","C7","G4020",NA,NA,NA,"F",21252884,369830,"+36.6840142","-076.9413956",0.304270904916948,33686165.7756,3,13.8742977075264,3
"43",33,"Franklin County",544,526,471,475,NA,2016,727,288,49,1.61,"0500000US51067",54829,0.49,0.51,48,2.9,86.9,7.7,0.2,0.7,0,0,1.6,28339,59667,4.15,89,23,"45,906","53.4","6,757","63.1","23,337","31","90.7","65.1","42.2",22033,86.87,79.57,105,"51","067","01494434","51067","Franklin","06","H1","G4020",NA,"40220",NA,"A",1788195299,54706589,"+36.9923498","-079.8839586",2.39655766894235,2894174013.14,4,0.217048987737049,4
"44",34,"Frederick County",1163,1090,1075,1102,NA,4430,1695,637,87,1.3,"0500000US51069",90287,0.5,0.5,40,9.5,81.8,3.9,0.1,1.6,0.1,0.2,2.8,35335,84317,4.8,88,28,"72,182","63.7","13,750","73.9","43,380","33.2","91.6","74.4","30.9",32723,91.05,85.5,56,"51","069","01480124","51069","Frederick","06","H1","G4020","548","49020",NA,"A",1070949819,5207829,"+39.2036370","-078.2639164",2.35486934716802,1794668897.69,11,1.02215500199166,11
"45",110,"Fredericksburg city",254,257,232,217,6,966,380,113,49,3.27,"0500000US51630",28027,0.46,0.54,31,11.3,58,20,0.1,3.5,0,0.2,6.9,11961,72293,4.72,91,43,"22,755","71.1","3,470","67.1","15,220","29.5","89.9","73.4","27.3",11198,94.61,88.38,76,"51","630","01498425","51630","Fredericksburg","25","C7","G4020","548","47900","47894","F",27039906,182486,"+38.2992718","-077.4866583",0.290360165712733,44269588.5157,6,22.0406823540238,6
"46",111,"Galax city",91,94,77,79,NA,341,204,46,9,1.61,"0500000US51640",6681,0.46,0.54,42,17.8,75.1,4.2,0.1,0.5,0.4,0.3,1.5,3255,39808,7.82,79,18,"N/A","N/A","N/A","N/A","N/A","N/A","N/A","N/A","N/A",2780,88.27,81.65,1,"51","640","01498426","51640","Galax","25","C7","G4020",NA,NA,NA,"F",21340448,103781,"+36.6656397","-080.9143083",0.323267987768102,33393564.4539,2,9.32651648912688,2
"47",35,"Giles County",185,179,180,213,NA,757,307,125,4,0.37,"0500000US51071",16764,0.49,0.51,45,1.8,94.4,1.9,0,0,0.4,0,1.6,8312,57911,3.68,90,19,"13,723","57","2,056","73.1","7,595","28.4","91.5","68.8","36.2",6824,85.04,79.09,132,"51","071","01494551","51071","Giles","06","H1","G4020",NA,"13980",NA,"A",921469092,12016972,"+37.3119298","-080.7171778",1.63889008072182,1478418629.8,3,0.321375930026557,3
"48",36,"Gloucester County",372,375,427,435,NA,1609,705,212,26,1.08,"0500000US51073",38586,0.5,0.5,45,3.9,83.6,8.5,0,0.7,0,0.2,3,16952,77733,3.12,89,25,"31,592","62.4","5,294","76.6","18,657","35","94.3","75.8","33.9",14882,91.77,85.75,49,"51","073","01480126","51073","Gloucester","06","H1","G4020",NA,"47260",NA,"A",564116907,181748799,"+37.4035413","-076.5235051",1.42218786068617,1184000614.25,6,0.804434351677089,6
"49",37,"Goochland County",225,212,207,212,NA,856,240,96,5,0.39,"0500000US51075",24300,0.5,0.5,49,3.1,77.3,15.2,0,1.7,0,0.1,2.5,10321,100517,2.38,94,46,"20,575","57.1","2,939","61.9","11,090","30.2","96.1","83.6","30.5",9454,93.52,88.13,34,"51","075","01674271","51075","Goochland","06","H1","G4020",NA,"40060",NA,"A",728861894,21987959,"+37.7241655","-077.9142733",1.64792882370243,1202129322.1,3,0.399547257525355,3
"50",38,"Grayson County",116,120,92,126,NA,454,256,68,1,0.14,"0500000US51077",15418,0.51,0.49,48,3.7,89.1,4.7,0.1,1.8,0,0,0.6,8956,43022,6.23,83,16,"13,077","50.1","1,562","77.1","6,040","25.5","86.8","57.1","44.6",6112,84.15,75.74,134,"51","077","01501196","51077","Grayson","06","H1","G4020",NA,NA,NA,"A",1145227610,9790850,"+36.6563026","-081.2253365",2.09421432804184,1798191068.5,3,0.259736097904602,3
"51",39,"Greene County",271,231,226,228,NA,956,429,145,8,0.55,"0500000US51079",20374,0.48,0.52,40,6.3,80.3,6.2,0.2,2.1,0.1,1.4,3.4,8420,73844,3.92,88,29,"16,177","67.8","3,349","76.3","10,168","32.4","91.8","73.4","33.1",7533,94.6,87.65,32,"51","079","01480129","51079","Greene","06","H1","G4020",NA,"16820",NA,"A",404675812,1706931,"+38.2979805","-078.4701629",1.1809524116494,660840325.196,1,0.246073436060156,1
"52",40,"Greensville County",153,147,156,175,NA,631,378,66,11,1.1,"0500000US51081",11465,0.63,0.37,40,2.6,36,54.5,0.1,0.1,0,0.1,6.7,4029,53063,6.38,77,11,"9,894","40","1,101","61.9","3,572","23.1","89.4","58.2","48",3183,86.8,78.86,14,"51","081","01501122","51081","Greensville","06","H1","G4020",NA,NA,NA,"A",764632774,4093693,"+36.6802247","-077.5602607",2.14044644458914,1197390329.43,4,0.520341071565568,4
"53",41,"Halifax County",368,362,373,333,NA,1436,732,254,31,1.42,"0500000US51083",34228,0.48,0.52,46,2.3,59.6,35,0.1,0.2,0,0,2.9,17387,45962,7.24,83,16,"28,149","51.8","4,622","70.4","13,534","24.6","92.2","59.2","49.3",13506,72.33,63.64,108,"51","083","01496705","51083","Halifax","06","H1","G4020",NA,NA,NA,"A",2118193265,30547657,"+36.7664610","-078.9396142",2.52053061130177,3354833123.43,4,0.186155523594572,4
"54",112,"Hampton city",1621,1613,1374,1300,NA,5908,2857,855,47,0.52,"0500000US51650",136748,0.48,0.52,36,6.3,36.9,48.4,0.3,2.2,0.1,0.8,5,62183,59380,2.4,93,27,"110,392","66.1","18,001","81.2","67,356","22.3","92.4","70.2","39.1",57116,93.74,86.91,83,"51","650","01498554","51650","Hampton","25","C7","G4020",NA,"47260",NA,"F",133160533,219852669,"+37.0480303","-076.2971486",1.03604454625186,555203802.474,14,3.96585336808503,14
"55",42,"Hanover County",1447,1430,1428,1427,NA,5732,1391,751,46,0.55,"0500000US51085",109232,0.49,0.51,42,3.2,82.7,8.4,0.2,1.7,0,0.3,3.4,42692,96911,2.1,94,41,"88,340","67.2","16,716","80.4","56,652","26.9","95.1","82.1","27.1",40310,94.8,89.84,41,"51","085","01480132","51085","Hanover","06","H1","G4020",NA,"40060",NA,"A",1213502907,13648769,"+37.7601655","-077.4909916",2.63364116657216,1966715798.47,11,0.896384686703439,11
"56",113,"Harrisonburg city",517,480,480,412,NA,1889,1168,163,65,2.29,"0500000US51660",52062,0.49,0.51,26,20.5,64.3,6.6,0,3.1,0,0.7,4.9,18569,51055,8.56,83,35,"44,411","59.4","5,300","77.3","23,937","16.5","88.9","70.9","25.5",17102,93.12,80.94,21,"51","660","01498563","51660","Harrisonburg","25","C7","G4020",NA,"25500",NA,"F",45112615,149952,"+38.4316694","-078.8760274",0.368148352550053,73883782.4189,7,15.4653238783363,7
"57",43,"Henrico County",4420,4135,3918,3707,NA,16180,7155,2170,447,1.85,"0500000US51087",331924,0.48,0.52,39,6,51.5,29.4,0.1,9.2,0,0.4,3.4,139826,76345,2.87,93,45,"264,815","69.2","49,652","77.5","171,941","22.5","93.1","76.7","28.6",132465,94.08,89.64,43,"51","087","01480133","51087","Henrico","06","H1","G4020",NA,"40060",NA,"A",605272008,29034802,"+37.4375205","-077.3003330",2.26836388480041,1010569038.41,44,6.93670610260784,44
"58",44,"Henry County",609,544,508,528,NA,2189,1243,334,29,0.87,"0500000US51089",51077,0.48,0.52,48,5.9,69.1,22.7,0,0.6,0,0.2,1.6,25545,41103,7.57,81,15,"42,064","51.6","6,534","74.8","19,666","24.6","91.1","52.6","52",20516,81.87,72.72,30,"51","089","01502770","51089","Henry","06","H1","G4020",NA,"32300",NA,"A",990240730,5299481,"+36.6206074","-079.9806728",1.83888734558316,1550955895.41,7,0.703135843275265,7
"59",45,"Highland County",12,14,19,18,NA,63,10,0,0,0,"0500000US51091",2229,0.47,0.53,57,0,92.3,0,0,3.1,0,0,4.6,1800,52901,3.2,92,28,"N/A","N/A","N/A","N/A","N/A","N/A","N/A","N/A","N/A",987,81.97,76.09,23,"51","091","01673774","51091","Highland","06","H1","G4020",NA,NA,NA,"A",1075249087,1805630,"+38.3566717","-079.5679583",1.64698271440609,1754564921.14,3,0.27853733833227,3
"60",114,"Hopewell city",330,303,273,281,3,1190,996,185,58,3.2,"0500000US51670",23020,0.47,0.53,36,8.6,44.2,43.1,0,1,0,0.1,3,10395,44209,4.01,85,11,"17,628","61.3","3,537","75.8","9,589","25.6","92.3","55","50.1",9269,90.12,85.73,3,"51","670","01498428","51670","Hopewell","25","C7","G4020",NA,"40060",NA,"F",26620502,1357033,"+37.2910098","-077.2989443",0.308512128673276,44283140.3805,4,14.2971848045992,4
"61",46,"Isle of Wight County",478,485,444,458,NA,1865,645,235,20,0.72,"0500000US51093",38301,0.5,0.5,44,3.8,69.8,22.2,0.1,0.9,0,0.1,3.1,16304,84673,2.21,91,29,"31,218","65","5,525","84.2","18,553","30","93.7","78.7","31.4",15063,90.44,82.12,84,"51","093","01702378","51093","Isle of Wight","06","H1","G4020",NA,"47260",NA,"A",817432006,122288787,"+36.9014184","-076.7075688",1.91638912202198,1472506115.17,2,0.212829161874595,2
"62",48,"King George County",369,353,342,335,NA,1399,370,159,36,1.68,"0500000US51099",26597,0.51,0.49,38,6,71.4,16.5,0.1,1.2,0,1.2,3.7,10248,101599,2.78,92,35,"20,673","68.4","4,567","69.1","13,509","35.1","95.3","82.5","28",9445,95.38,90.16,55,"51","099","01480137","51099","King George","06","H1","G4020",NA,NA,NA,"A",465255720,21034759,"+38.2771787","-077.1627015",1.30087227133398,790266515.173,1,0.205638395789436,1
"63",50,"King William County",165,193,157,168,NA,683,260,96,13,1.25,"0500000US51101",17511,0.5,0.5,41,2.9,77.2,15.1,0.9,1.4,0.1,0,2.4,7304,74592,2.18,93,25,"13,930","68.2","2,536","82.3","9,199","38.2","94.6","80.2","29.7",6667,92.35,75.01,57,"51","101","01480138","51101","King William","06","H1","G4020",NA,"40060",NA,"A",709504574,30285457,"+37.7082604","-077.0910539",2.60346597807341,1183936643.05,1,0.135173485495934,1
"64",49,"King and Queen County",33,44,47,35,NA,159,102,0,2,0.75,"0500000US51097",6690,0.53,0.47,48,3.5,66,24.2,0.3,0,0,1.1,4.9,3452,61672,2.94,88,21,"N/A","N/A","N/A","N/A","N/A","N/A","N/A","N/A","N/A",2803,84.8,68.32,20,"51","097","01480136","51097","King and Queen","06","H1","G4020",NA,"40060",NA,"A",816203914,28872734,"+37.7143698","-076.9018630",2.39929653525965,1352874914.52,NA,NA,NA
"65",51,"Lancaster County",72,89,89,93,NA,343,219,60,9,1.83,"0500000US51103",10916,0.48,0.52,57,1,67.1,29.1,0,0.9,0,0,2,7454,64460,3.55,90,33,"9,455","47.7","1,231","67.2","3,954","29.1","92.2","70","49.3",5197,80.03,73.77,22,"51","103","01480139","51103","Lancaster","06","H1","G4020",NA,NA,NA,"A",345115831,254201642,"+37.7038307","-076.4131985",1.40751659656064,959007353.2,1,0.166856451989663,1
"66",52,"Lee County",232,243,223,199,NA,897,524,147,19,1.41,"0500000US51105",22482,0.53,0.47,46,2,92.9,3.7,0.1,0.3,0,0,1,10947,37574,9.49,80,11,"18,937","41.6","2,372","68.5","6,845","27.3","89.2","48.3","56.2",8244,81.56,56.66,46,"51","105","01496538","51105","Lee","06","H1","G4020",NA,NA,NA,"A",1127987229,4897802,"+36.7017206","-083.1301117",2.2133063709962,1765958085.89,8,0.706161667830503,8
"67",137,"Lexington city",0,9,0,0,NA,0,0,0,5,4.59,"0500000US51678",7287,0.59,0.41,22,5.6,80,5.3,0,4,0,0.6,4.5,2377,66114,1.47,96,61,"6,815","40.1","330","88.8","2,456","14.3","98","90.7","20.4",2005,93.87,84.09,45,"51","678","01789071","51678","Lexington","25","C7","G4020",NA,NA,NA,"F",6466941,68428,"+37.7823316","-079.4443196",0.144576767454579,10480252.3509,2,30.6027097406986,2
"68",53,"Loudoun County",6640,6747,6679,6546,7,26619,5892,3137,150,0.37,"0500000US51107",413574,0.5,0.5,37,13.7,54.1,7.3,0.2,19.9,0.1,0.5,4.1,139439,156821,2.95,94,63,"311,655","74.6","78,030","74.7","220,693","33.1","94.5","87.5","15.1",135690,98.24,96.29,47,"51","107","01480141","51107","Loudoun","06","H1","G4020","548","47900","47894","A",1335297317,14445034,"+39.0811303","-077.6388572",1.96468512402419,2243704361.01,20,1.48176423396947,20
"69",54,"Louisa County",406,386,379,351,NA,1522,799,311,26,1.11,"0500000US51109",37136,0.5,0.5,45,3.3,76.8,13.7,0.2,0.5,0,0.1,5.3,17409,70974,3.67,89,26,"30,428","60.7","4,428","75.6","16,900","35.3","92.2","69.1","38.9",14192,92.69,83,95,"51","109","01494707","51109","Louisa","06","H1","G4020",NA,"40060",NA,"A",1285411676,37739404,"+37.9716808","-077.9591779",1.81818206361236,2133052014.38,1,0.0755771574226612,1
"70",55,"Lunenburg County",146,133,103,117,NA,499,249,69,6,0.8,"0500000US51111",11982,0.53,0.47,44,5.5,58.6,33.3,0,0.4,0,0,2.2,5880,47269,6.6,80,12,"9,793","50","1,395","71.8","4,553","32.6","90.5","63","45.7",4304,66.64,59.29,82,"51","111","01492239","51111","Lunenburg","06","H1","G4020",NA,NA,NA,"A",1118054298,1795027,"+36.9457567","-078.2423130",1.69523484360757,1756562398.85,6,0.535786362054804,6
"71",115,"Lynchburg city",618,624,604,577,2,2425,1305,318,66,1.81,"0500000US51680",78973,0.47,0.53,29,4.5,61.9,28.2,0.1,2.5,0,0.2,2.5,33637,54015,3.75,90,38,"65,578","60.2","9,217","72.4","36,156","17","92.4","69.6","34",28939,93.24,88.95,42,"51","680","01498429","51680","Lynchburg","25","C7","G4020",NA,"31340",NA,"F",127239710,1344997,"+37.3990161","-079.1954582",0.661791307185115,204112580.52,22,17.109345510911,22
"72",56,"Madison County",163,134,132,115,NA,544,254,40,1,0.12,"0500000US51113",13731,0.49,0.51,47,3.1,84.7,7.4,0,0.8,0,0.1,3.9,6036,72349,4.1,88,25,"11,260","60.4","1,782","78","6,386","28.7","94.2","68.3","39.6",5175,91.73,81.1,17,"51","113","01494590","51113","Madison","06","H1","G4020",NA,NA,NA,"A",830565704,3085789,"+38.4120586","-078.2769613",1.55982369645898,1359964834.95,NA,NA,NA
"73",143,"Manassas city",565,567,531,564,NA,2227,819,276,62,1.82,"0500000US51683",42596,0.51,0.49,35,38.1,38.9,12.6,0.1,5.6,0,0.3,4.3,14234,101934,7.58,86,32,"32,725","74.3","7,303","67.4","22,728","34.7","82.5","64","27.1",13562,96.03,95.62,96,"51","683","01498430","51683","Manassas","25","C7","G4020","548","47900","47894","F",25590864,148538,"+38.7471720","-077.4845362",0.342813541799005,42378844.9742,11,42.7360606704207,11
"74",144,"Manassas Park city",266,296,270,272,NA,1104,541,116,41,2.45,"0500000US51685",17081,0.52,0.48,36,41,31.1,13.5,0,11,0,0.1,3.3,5459,90544,12.59,80,26,"13,256","77.9","2,794","63.2","9,791","41.5","82.3","62.4","25.3",5155,97.3,95.11,59,"51","685","01498431","51685","Manassas Park","25","C7","G4020","548","47900","47894","F",6562406,2612,"+38.7689910","-077.4486805",0.17667997391808,10816143.8758,1,15.2322445405214,1
"75",116,"Martinsville city",153,155,123,150,NA,581,400,60,10,1.15,"0500000US51690",13476,0.46,0.54,41,6.7,42.7,44.4,0.6,0.9,0.1,1.1,3.6,7065,36832,4.47,88,22,"10,332","56.8","2,145","69.5","5,308","20.1","90.1","50","50.9",5656,88.28,80.23,18,"51","690","01789072","51690","Martinsville","25","C7","G4020",NA,"32300",NA,"F",28376627,133615,"+36.6835269","-079.8636475",0.297066697181606,44415945.508,8,28.0600907437856,8
"76",57,"Mathews County",75,78,67,65,NA,285,134,32,10,2.19,"0500000US51115",8548,0.49,0.51,53,2.9,84.6,9.3,0,0,0,0,3.1,5502,73229,2.13,93,30,"7,484","49","830","72.8","3,296","38.7","89.8","66.5","45.1",3558,88.36,72.48,72,"51","115","01480145","51115","Mathews","06","H1","G4020",NA,"47260",NA,"A",222555433,430023622,"+37.4253479","-076.2688078",1.10012503895164,1036368185.57,NA,NA,NA
"77",58,"Mecklenburg County",337,311,313,319,NA,1280,729,141,29,1.55,"0500000US51117",30347,0.5,0.5,48,3,60.3,33.9,0.4,0.9,0,0,1.4,19003,46378,5.36,86,22,"25,303","51.5","3,605","70.4","12,292","24.9","91.8","65.5","45.3",12655,76.79,68.83,133,"51","117","01500747","51117","Mecklenburg","06","H1","G4020",NA,NA,NA,"A",1619998813,139194267,"+36.6872563","-078.3689592",2.34841087030275,2740484177.54,5,0.284221207301473,5
"78",59,"Middlesex County",81,84,78,84,NA,327,185,53,1,0.2,"0500000US51119",10686,0.51,0.49,55,3,77.8,14.6,0.2,1.4,0.1,1.3,1.6,7125,63782,4.56,88,27,"9,206","53.3","1,068","67.5","4,507","29.3","93.4","67.5","51.3",4579,85.78,71.92,127,"51","119","01480147","51119","Middlesex","06","H1","G4020",NA,NA,NA,"A",337492179,208378291,"+37.6069753","-076.5280819",1.61351245484053,871629793.045,1,0.183193629032914,1
"79",60,"Montgomery County",739,788,709,759,NA,2995,961,331,49,1.07,"0500000US51121",99294,0.52,0.48,30,3.5,83.3,4.1,0.3,6.5,0.2,0.3,1.9,41085,60666,1.51,94,46,"85,706","55.1","10,064","71.8","44,417","18.1","94.1","79.9","24.4",35533,94.82,90.01,118,"51","121","01674630","51121","Montgomery","06","H1","G4020",NA,"13980",NA,"A",1002361227,5830236,"+37.1748845","-080.3873140",1.92788901827975,1590865262.43,17,1.6861875435278,17
"80",62,"Nelson County",144,139,138,149,NA,570,317,96,7,0.84,"0500000US51125",14795,0.5,0.5,52,4.5,81,12.3,0,0.2,0,0.4,1.5,9902,67707,4.39,84,30,"12,458","57.3","1,686","72.6","6,521","31.7","91.8","65.5","44",6149,88.99,74.78,29,"51","125","01500936","51125","Nelson","06","H1","G4020",NA,"16820",NA,"A",1219510173,8934497,"+37.7900492","-078.8793535",2.15305959174729,1970228401,5,0.407018712853016,5
"81",63,"New Kent County",297,263,241,229,NA,1030,243,126,2,0.13,"0500000US51127",22519,0.51,0.49,42,3.8,77.6,12.7,0.8,1,0,0,4.1,8919,101628,1.45,93,33,"18,505","64.9","3,154","81.5","11,439","32.2","95.6","85.4","24.4",8306,93.9,85.36,88,"51","127","01480150","51127","New Kent","06","H1","G4020",NA,"40060",NA,"A",543196607,35592381,"+37.5029094","-076.9828566",1.90974432393229,921311165.369,2,0.345549066117944,2
"82",117,"Newport News city",2253,2086,1665,1657,NA,7661,4209,1118,158,1.34,"0500000US51700",185069,0.48,0.52,34,9.6,41.3,40.2,0.2,3.4,0.1,0.8,4.4,81418,57463,2.77,92,28,"145,764","67.6","25,984","78.3","91,965","23.5","90.3","67.3","36.5",74922,93.16,81.4,51,"51","700","01498555","51700","Newport News","25","C7","G4020",NA,"47260",NA,"F",177967750,131476132,"+37.0759784","-076.5217187",0.971991845335557,487033665.05,23,7.43268772263633,23
"83",118,"Norfolk city",2291,2017,1442,1593,14,7357,4234,1074,296,2.58,"0500000US51710",238556,0.52,0.48,31,8.6,42.9,40.1,0.2,3.6,0,0.3,4.3,100947,56244,3.18,89,32,"195,993","71.1","26,290","73.7","129,276","21.8","89.2","65","36.1",92877,93.47,86.25,125,"51","710","01498557","51710","Norfolk","25","C7","G4020",NA,"47260",NA,"F",140171291,109377003,"+36.9230149","-076.2446413",0.790974935702025,391193270.315,33,13.2238907766307,33
"84",65,"Northampton County",123,107,118,105,NA,453,341,79,11,1.65,"0500000US51131",12226,0.48,0.52,51,9.3,54.9,31.9,0,1.1,0,0,2.9,7364,50347,6.1,86,28,"10,118","51.8","1,372","80.1","4,837","24.3","89.2","62.9","46.4",5292,88.78,81.75,4,"51","131","01480151","51131","Northampton","06","H1","G4020",NA,NA,NA,"A",548072996,1511612295,"+37.3026286","-075.9238683",2.02368268430523,3260948673.14,6,0.291304055465326,6
"85",66,"Northumberland County",103,106,84,108,NA,401,169,58,2,0.34,"0500000US51133",11965,0.47,0.53,60,3.9,68.3,21.7,0,0.3,0,0,5.8,8986,61291,3.51,90,34,"10,484","42.3","1,262","74.9","4,023","35.1","91.8","71.7","51.5",5127,86.23,79.5,80,"51","133","01480152","51133","Northumberland","06","H1","G4020",NA,NA,NA,"A",495452206,244302246,"+37.8569736","-076.3796872",1.44017145750854,1188594944.7,NA,NA,NA
"86",119,"Norton city",55,69,75,63,NA,262,140,34,4,1.03,"0500000US51720",3696,0.47,0.53,41,0,96.5,2.4,0,0.1,0,0,1.1,1801,35592,5.44,89,22,"N/A","N/A","N/A","N/A","N/A","N/A","N/A","N/A","N/A",1540,88.96,66.95,37,"51","720","01498434","51720","Norton","25","C7","G4020",NA,NA,NA,"F",19375331,89169,"+36.9315489","-082.6259960",0.314932642997539,30519875.1842,5,25.6877847515355,5
"87",67,"Nottoway County",162,143,143,128,NA,576,322,67,17,1.98,"0500000US51135",15667,0.55,0.45,41,4.8,54.2,39.6,0.1,0.4,0,0,1,6639,54614,5.98,83,16,"12,981","47.5","1,938","75.1","5,688","32.4","86.6","59.3","41.8",5309,75.53,67.9,24,"51","135","01493928","51135","Nottoway","06","H1","G4020",NA,NA,NA,"A",814271720,4291749,"+37.1436955","-078.0521623",1.46446943057914,1290592897.29,NA,NA,NA
"88",68,"Orange County",393,372,356,339,NA,1460,667,213,9,0.4,"0500000US51137",36001,0.5,0.5,43,5.6,77.1,12.6,0,1.4,0,0.2,3.2,15529,79211,3.49,90,26,"29,204","61.4","4,878","67.4","16,747","38.6","92.9","74","35.2",13970,91.66,85.4,73,"51","137","01494761","51137","Orange","06","H1","G4020",NA,NA,NA,"A",882624069,6426563,"+38.2504394","-078.0099795",1.88304855685225,1443705264.57,NA,NA,NA
"89",69,"Page County",280,278,289,267,NA,1114,456,124,4,0.25,"0500000US51139",23734,0.5,0.5,45,2.2,92.9,1.2,0.1,0.4,0,0.4,2.8,11750,53168,5.92,83,15,"19,419","59.2","3,094","75.1","10,693","33.6","87.6","65.1","39.3",9355,79.68,74.35,111,"51","139","01500440","51139","Page","06","H1","G4020",NA,NA,NA,"A",805112590,8338339,"+38.6237508","-078.4904708",1.41422759762492,1334576362.28,1,0.122933036369942,1
"90",70,"Patrick County",192,186,170,177,NA,725,323,98,10,0.94,"0500000US51141",17661,0.5,0.5,50,3.3,89.6,5.7,0.1,0.4,0,0.1,0.8,10014,47215,6.73,83,16,"14,894","53.3","1,696","72.3","7,609","32","91.8","60.8","45.4",7732,81.85,74.56,92,"51","141","01497999","51141","Patrick","06","H1","G4020",NA,NA,NA,"A",1251212193,7165463,"+36.6673274","-080.2861409",1.93839205508863,1960207537.69,2,0.158934797414118,2
"91",120,"Petersburg city",272,263,215,201,NA,951,804,149,32,2.1,"0500000US51730",33229,0.46,0.54,37,5.1,15,75.8,0,1,0.1,0.1,2.8,17853,44890,6,85,22,"26,564","62.5","3,938","83","14,284","24.3","89.2","55.8","48.8",14464,87.06,78.58,110,"51","730","01498435","51730","Petersburg","25","C7","G4020",NA,"40060",NA,"F",59393055,637650,"+37.2047302","-077.3923681",0.396266605597605,94799522.2682,11,18.3239527209367,11
"92",71,"Pittsylvania County",726,713,627,676,NA,2742,1226,354,34,0.83,"0500000US51143",60833,0.49,0.51,48,2.8,73.8,19.8,0.1,0.4,0,0,3.1,29656,49486,5.7,84,14,"50,990","54.5","7,355","74.4","25,913","25.2","92.4","62.4","44.8",24663,84.24,73.5,90,"51","143","01480157","51143","Pittsylvania","06","H1","G4020",NA,"19260",NA,"A",2509545633,23916624,"+36.8217206","-079.3985019",2.91497531419569,3961080782.11,4,0.157886699443516,4
"93",142,"Poquoson city",177,195,176,175,NA,723,131,74,7,0.65,"0500000US51735",12382,0.5,0.5,43,3.2,90.4,1.5,0,1.8,0,0,3.1,4906,112026,1.84,96,41,"10,117","64.5","1,974","78.3","6,334","25.9","97.1","88.4","25.6",4617,94.22,92.07,10,"51","735","01498436","51735","Poquoson","25","C7","G4020",NA,"47260",NA,"F",39669848,163451687,"+37.1283599","-076.3035337",0.732407516975375,320302876.117,NA,NA,NA
"94",121,"Portsmouth city",1030,1029,846,923,NA,3828,1937,510,103,1.79,"0500000US51740",97454,0.48,0.52,36,4.8,36.5,51.8,0.3,1.5,0,0.3,4.7,42934,54020,2.55,90,21,"76,870","63","11,923","72.2","45,044","22.9","90.8","62.4","43",38553,92.32,84.94,65,"51","740","01498556","51740","Portsmouth","25","C7","G4020",NA,"47260",NA,"F",87159968,33876240,"+36.8594298","-076.3562686",0.555347042349011,189423178.42,15,12.3929842861812,15
"95",72,"Powhatan County",387,366,337,348,NA,1438,273,195,5,0.24,"0500000US51145",29979,0.53,0.47,46,2.4,85.3,9.1,0.1,0.2,0,0.3,2.6,11415,101395,1.91,91,31,"25,367","59.6","3,642","84.3","14,631","32.8","95.1","83.4","27",10722,96.52,91.31,94,"51","145","01674225","51145","Powhatan","06","H1","G4020",NA,"40060",NA,"A",673969512,5505254,"+37.5494041","-077.9128553",1.48847367274308,1082878688.79,4,0.58868999429962,4
"96",73,"Prince Edward County",147,174,127,146,NA,594,296,87,28,3.11,"0500000US51147",21887,0.51,0.49,32,3.3,60.8,31,0.3,0.9,0.6,0.1,3.1,9119,49019,5.6,86,25,"18,876","44.6","1,868","73.6","7,679","21.8","91.7","70.6","35",7113,81.89,74.33,61,"51","147","01492359","51147","Prince Edward","06","H1","G4020",NA,NA,NA,"A",906392447,10040451,"+37.2248813","-078.4329574",1.70499886582618,1447984245.49,5,0.54559366953935,5
"97",74,"Prince George County",513,425,467,397,NA,1802,756,241,28,1,"0500000US51149",42170,0.54,0.46,37,8.7,54.1,30,0.4,1.5,0.4,0.5,4.4,13239,78895,3.01,89,24,"33,708","57","6,195","73.3","17,807","25.8","94.9","79.6","32.8",12492,94.32,88.44,68,"51","149","01480160","51149","Prince George","06","H1","G4020",NA,"40060",NA,"A",686749235,43215047,"+37.1873255","-077.2209931",1.67376420218439,1152215490.03,4,0.547972001251398,4
"98",75,"Prince William County",7664,7388,7001,6763,NA,28816,12245,3699,545,1.27,"0500000US51153",477224,0.5,0.5,36,24.5,40.8,20.3,0.2,9.4,0.1,0.4,4.3,156845,113831,5.72,90,43,"363,139","72.9","84,215","74.1","248,009","39.2","89.5","78.1","22.3",150488,98.08,96.01,98,"51","153","01480161","51153","Prince William","06","H1","G4020","548","47900","47894","A",871276133,31269402,"+38.7011187","-077.4795791",2.25822192371109,1484103051.35,28,3.10233656774157,28
"99",77,"Pulaski County",316,327,315,267,NA,1225,526,178,12,0.65,"0500000US51155",33893,0.5,0.5,47,1.9,90.2,4.9,0,0.6,0.2,0.2,2,17016,55446,3.63,89,20,"28,651","54.8","3,629","73.3","14,846","24.7","93.1","67.2","40.6",14534,86.93,74.91,126,"51","155","01501465","51155","Pulaski","06","H1","G4020",NA,"13980",NA,"A",828427659,25215938,"+37.0633853","-080.7134439",1.55175909115586,1343107192.13,9,1.05430406583375,9
"100",122,"Radford city",180,156,121,118,NA,575,205,73,3,0.3,"0500000US51750",16205,0.46,0.54,24,3,83,9.1,0,1.9,0,0.3,2.8,6460,44360,3.79,92,40,"14,588","57.8","1,038","75","7,600","18.2","93.3","78","22.2",5545,91.94,85.16,13,"51","750","01498438","51750","Radford","25","C7","G4020",NA,"13980",NA,"F",25567150,867992,"+37.1200360","-080.5570481",0.340302403624131,41657057.2758,1,3.7828428742394,1
"101",78,"Rappahannock County",60,54,72,59,NA,245,83,23,5,1.37,"0500000US51157",7400,0.51,0.49,48,4,87.9,4,0.3,0.5,0,0.2,3.1,3843,90307,3.35,92,32,"6,138","59.6","791","52.3","3,451","40.8","86.5","67.2","38.7",2773,96.25,85.68,67,"51","157","01673976","51157","Rappahannock","06","H1","G4020",NA,NA,NA,"A",689879128,2068609,"+38.6845215","-078.1688241",1.36101172198843,1137268770.35,NA,NA,NA
"102",123,"Richmond city",1810,1961,1551,1317,14,6653,3011,1015,504,4.54,"0500000US51760",225676,0.48,0.52,34,7.3,41.4,45,0.1,2.1,0,0.4,3.6,110224,54795,4.7,88,43,"190,100","67.4","21,647","79.5","117,797","21.7","89.3","63.7","35.5",98821,91.42,81.2,2,"51","760","01789073","51760","Richmond","25","C7","G4020",NA,"40060",NA,"F",154894698,6880310,"+37.5313990","-077.4760085",0.869075287070965,257677852.291,75,46.360690353626,75
"103",79,"Richmond County",104,93,107,88,NA,392,187,50,3,0.48,"0500000US51159",8902,0.58,0.42,44,7.4,60.2,27.1,0.4,0,0,0,4.9,3934,57697,6.68,78,17,"7,601","42.6","964","36.3","3,127","28.2","93.9","73.3","40.3",2811,80.79,74.96,44,"51","159","01480164","51159","Richmond","06","H1","G4020",NA,NA,NA,"A",495962829,64400116,"+37.9428935","-076.7305609",1.32532519362119,902356836.323,NA,NA,NA
"104",124,"Roanoke city",1062,990,900,790,NA,3742,2120,612,146,2.48,"0500000US51770",99578,0.48,0.52,38,6.6,57.4,28.6,0.2,3.1,0.1,0.3,3.7,48537,48476,3.8,88,27,"79,108","64.8","12,902","80.6","47,194","21.3","89.5","59.4","41.6",42766,88.86,81.03,120,"51","770","01498439","51770","Roanoke","25","C7","G4020",NA,"40220",NA,"F",110234185,884103,"+37.2778301","-079.9584716",0.693514781849242,175818345.227,39,35.0977319747586,39
"105",80,"Roanoke County",1203,1125,1035,1052,NA,4415,1232,643,51,0.77,"0500000US51161",96303,0.48,0.52,44,3.3,84.9,5.8,0.1,3.6,0,0.1,2.1,42007,74622,2.41,94,37,"79,209","61","13,193","77.5","46,087","22.8","95.2","78.4","32.9",39087,91.87,86.8,63,"51","161","01480165","51161","Roanoke","06","H1","G4020",NA,"40220",NA,"A",648838117,1887376,"+37.3310768","-080.1901101",2.23644773230839,1029378714.37,13,1.99777018002532,13
"106",81,"Rockbridge County",256,277,261,234,NA,1028,445,127,27,1.84,"0500000US51163",22663,0.5,0.5,49,2.1,91.5,3.4,0.5,0.9,0,0.2,1.4,11261,57828,3.74,89,28,"19,165","55.1","2,558","81.7","9,729","27","93.2","70.1","42.3",9045,88.3,82.3,128,"51","163","01480166","51163","Rockbridge","06","H1","G4020",NA,NA,NA,"A",1547668612,8841374,"+37.8145174","-079.4477537",2.35005371275504,2498242779.11,9,0.578211544793257,9
"107",82,"Rockingham County",963,922,914,826,NA,3625,1501,380,44,0.82,"0500000US51165",83090,0.49,0.51,40,7.5,87.5,2.3,0,0.9,0.1,0.3,1.5,35388,67484,5.76,86,28,"66,850","64.5","12,232","79.8","41,092","21.9","89.7","72.6","30.6",31189,88.62,81.29,116,"51","165","01488970","51165","Rockingham","06","H1","G4020",NA,"25500",NA,"A",2199121655,11060828,"+38.5112574","-078.8763070",2.70016137719259,3615343798.99,3,0.135735360243151,3
"108",83,"Russell County",276,310,233,275,NA,1094,630,148,21,1.26,"0500000US51167",25932,0.5,0.5,47,0.5,96.3,1.5,0.2,0,0,0,1.4,12857,41100,9.25,82,12,"21,644","44","2,997","65.7","8,609","28.2","92.7","56.3","49.4",10355,78.27,64.71,91,"51","167","01497573","51167","Russell","06","H1","G4020",NA,NA,NA,"A",1227191715,7593771,"+36.9334198","-082.0959342",2.00301897469324,1936222441.31,4,0.32394288803686,4
"109",139,"Salem city",321,331,322,288,6,1268,439,177,10,0.54,"0500000US51775",25335,0.48,0.52,41,3.6,84.2,7.1,0.1,1.9,0.1,0.8,2.3,11086,66472,2.3,93,32,"21,248","62.4","3,188","70.7","12,582","19.4","94","78.5","29.5",9971,91.58,85.82,106,"51","775","01789074","51775","Salem","25","C7","G4020",NA,"40220",NA,"F",37390612,263451,"+37.2853329","-080.0552407",0.364060834225819,59591462.5708,14,37.1805868472089,14
"110",84,"Scott County",276,253,256,243,NA,1028,1030,148,13,0.84,"0500000US51169",21576,0.51,0.49,47,1.4,96.4,0.9,0.2,0,0.1,0,0.9,11790,42561,8.45,82,14,"17,974","47","2,458","65.6","7,969","30.3","91","59.4","48.4",8612,78.94,69.3,60,"51","169","01498172","51169","Scott","06","H1","G4020","304","28700",NA,"A",1387017185,8052081,"+36.7127783","-082.6136268",1.80795724165197,2175146743.46,7,0.501767185172746,7
"111",85,"Shenandoah County",486,427,471,465,3,1852,729,260,18,0.64,"0500000US51171",44037,0.49,0.51,44,7.6,86.4,1.8,0,1.1,0,0.2,2.8,21114,58609,3.81,89,20,"35,923","60.5","6,016","75.8","20,401","29.8","93.2","69.2","40.6",17487,87.58,81.15,93,"51","171","01673918","51171","Shenandoah","06","H1","G4020",NA,NA,NA,"A",1317723061,8801709,"+38.8562040","-078.5739867",2.07484876289532,2190806327.64,3,0.226154808584064,3
"112",86,"Smyth County",339,336,314,309,NA,1298,632,188,6,0.3,"0500000US51173",29960,0.5,0.5,45,2.2,93.8,2,0.2,0.6,0,0,1.2,15148,42588,5.88,84,16,"24,945","50.9","3,639","70.7","11,973","22.4","91.8","59.2","48",12607,84.11,77.61,89,"51","173","01500545","51173","Smyth","06","H1","G4020",NA,NA,NA,"A",1167897829,3526055,"+36.8423183","-081.5397861",1.65329158625327,1832583177.84,16,1.36585897337119,16
"113",87,"Southampton County",175,189,188,208,NA,760,278,100,17,1.38,"0500000US51175",18028,0.53,0.47,47,2,60.8,31.6,0.2,0.2,0,0.4,4.7,7703,65079,4.9,86,19,"14,966","55.9","2,255","83.1","7,764","32.1","94.6","67.6","41.3",6661,88.2,81.85,16,"51","175","01480171","51175","Southampton","06","H1","G4020",NA,NA,NA,"A",1551777077,8248297,"+36.7201725","-077.1038556",2.51964452935067,2432734682.19,3,0.192304559370085,3
"114",88,"Spotsylvania County",1978,2022,1813,1835,2,7650,3034,1067,174,1.52,"0500000US51177",138493,0.49,0.51,38,10.7,66,16.1,0.2,2.6,0,0.3,4.1,51085,98973,2.65,92,33,"108,285","68.3","22,482","70.5","68,338","37.9","92.4","76.7","29.6",47944,96.38,93.44,87,"51","177","01480172","51177","Spotsylvania","06","H1","G4020","548","47900","47894","A",1039870763,33047680,"+38.1823112","-077.6562804",1.78343764077132,1739381013.07,10,0.932037306216693,10
"115",89,"Stafford County",2561,2541,2304,2481,NA,9887,2560,1378,129,0.87,"0500000US51179",154204,0.51,0.49,36,14.1,58.3,17.9,0.2,3.2,0,0.4,5.8,51947,119818,2.65,93,42,"118,615","69.4","28,139","73.2","77,282","39.2","92.8","83.1","22.6",49469,98.15,95.94,40,"51","179","01480173","51179","Stafford","06","H1","G4020","548","47900","47894","A",696592006,28419379,"+38.4153856","-077.4548719",1.40485336496771,1182962974.55,8,1.10343099258839,8
"116",126,"Staunton city",208,215,206,159,NA,788,348,115,25,2.09,"0500000US51790",25358,0.46,0.54,41,3.6,80.1,10.9,0.4,1.3,0.3,0.2,3.2,12264,53041,2.3,92,30,"20,996","60.8","2,807","82.5","11,881","22.2","91.3","65.1","40.2",11125,87.29,77.5,7,"51","790","01789075","51790","Staunton","25","C7","G4020",NA,"44420",NA,"F",51735535,155185,"+38.1580558","-079.0615011",0.318451873755415,84064336.4639,2,3.85425428569671,2
"117",127,"Suffolk city",1271,1091,999,992,NA,4353,1553,623,81,1.23,"0500000US51800",93268,0.49,0.51,38,4.6,48.5,40.7,0.1,1.8,0,0.3,4,38021,81883,3.5,91,31,"73,337","66.9","14,713","77.2","44,903","29.6","93.6","74.7","33.2",35249,93.07,85.44,124,"51","800","01498560","51800","Suffolk","25","C7","G4020",NA,"47260",NA,"F",1036429669,74908969,"+36.6971573","-076.6347808",1.59553667912352,1732212421.29,9,0.809834136629779,9
"118",90,"Surry County",51,65,55,48,NA,219,100,54,4,1.27,"0500000US51181",6563,0.49,0.51,50,2.7,53.2,43.2,0,0.1,0,0,0.7,3410,61105,4.3,85,23,"N/A","N/A","N/A","N/A","N/A","N/A","N/A","N/A","N/A",2720,84.01,72.76,81,"51","181","01480174","51181","Surry","06","H1","G4020",NA,"47260",NA,"A",722475763,81216942,"+37.1197611","-076.8801717",1.53721650159767,1266278855.28,1,0.12442566064076,1
"119",91,"Sussex County",79,75,81,68,NA,303,169,16,1,0.21,"0500000US51183",10960,0.6,0.4,41,3.2,38.8,55.9,0,0.3,0,0,1.7,4645,56968,5.74,80,13,"9,376","51.3","1,089","77.2","4,420","34.6","90.8","63.3","41.8",3656,83.92,74.62,119,"51","183","01690257","51183","Sussex","06","H1","G4020",NA,"40060",NA,"A",1269664199,6755315,"+36.9266454","-077.2597319",1.85605165246415,2000881928.07,3,0.235032436733862,3
"120",92,"Tazewell County",464,455,419,393,NA,1731,948,311,19,0.73,"0500000US51185",40615,0.5,0.5,45,1.1,93.6,3.4,0.1,0.7,0,0,1.1,19946,42937,7.06,85,16,"33,500","46.8","4,908","62.5","14,255","25.1","92.7","56.6","50.1",15759,86.52,80.92,25,"51","185","01497748","51185","Tazewell","06","H1","G4020",NA,"14140",NA,"A",1343805117,2914793,"+37.1253949","-081.5629237",2.20184611107032,2122309012.4,16,1.18807170954466,16
"121",128,"Virginia Beach city",5453,5328,4933,4988,NA,20702,8454,2412,204,0.66,"0500000US51810",457658,0.49,0.51,37,8.6,60.5,18.3,0.1,6.8,0.1,0.4,5.1,189187,81810,1.7,94,39,"367,023","70.3","64,727","73.8","244,013","23.5","92.9","79.8","27.6",177046,96.43,92.93,54,"51","810","01498559","51810","Virginia Beach","25","C7","G4020",NA,"47260",NA,"F",644948901,643150230,"+36.7793219","-076.0240202",1.76394636496192,2011650451.67,55,4.26990210959242,55
"122",93,"Warren County",428,411,414,415,1,1669,701,245,17,0.68,"0500000US51187",40442,0.5,0.5,41,5.4,85.3,4.5,0.1,1.2,0,0.6,3,16656,72840,3.84,88,22,"32,412","63.7","5,459","66.1","19,117","40","88.6","69.9","31.9",15082,92.58,87.81,5,"51","187","01674058","51187","Warren","06","H1","G4020","548","47900","47894","A",552518384,8483501,"+38.9081874","-078.2071314",1.25316786164051,927817057.821,6,1.06951509050917,6
"123",94,"Washington County",554,550,561,537,NA,2202,876,368,27,0.82,"0500000US51191",53997,0.5,0.5,47,1.6,94.9,1.6,0.1,0.5,0,0,1.3,25490,54737,4.9,88,25,"45,688","54.7","5,940","69.8","23,403","24.9","91.3","62.9","42.7",21845,87.46,80.19,35,"51","191","01498359","51191","Washington","06","H1","G4020","304","28700",NA,"A",1452917908,12999364,"+36.7478314","-081.9503155",2.16683157987491,2286215496.53,23,1.56898340369165,23
"124",130,"Waynesboro city",250,231,207,209,NA,897,422,102,12,0.88,"0500000US51820",22149,0.49,0.51,39,8.9,73.4,10.9,0.3,1.6,0,0,4.9,10201,47238,5.54,88,28,"17,548","64.8","3,177","78.7","10,714","22.5","90.4","65.5","40.1",9419,90.72,84.27,19,"51","820","01498443","51820","Waynesboro","25","C7","G4020",NA,"44420",NA,"F",38950821,419088,"+38.0671571","-078.9014197",0.33322874674616,63621214.0533,NA,NA,NA
"125",95,"Westmoreland County",172,167,179,157,0,675,341,79,4,0.76,"0500000US51193",18324,0.49,0.51,48,6.6,63.3,25.5,0.2,1,0,0.6,2.8,11080,53113,5.98,83,17,"15,264","54","2,270","74.7","7,236","40.4","89","62","47.7",7873,86.29,76.29,75,"51","193","01480179","51193","Westmoreland","06","H1","G4020",NA,NA,NA,"A",594077398,61102594,"+38.1092380","-076.8040731",1.63936755914028,1060071974.41,3,0.457889445124969,3
"126",131,"Williamsburg city",965,919,967,902,NA,3753,1153,548,48,0.87,"0500000US51830",15299,0.47,0.53,26,7.4,67.8,15.6,0,6.6,0,0.2,2.4,5686,65297,2.42,93,50,"13,892","51.3","1,016","69.2","6,541","18.7","93.3","82.8","26",4778,97.24,85.52,70,"51","830","01789076","51830","Williamsburg","25","C7","G4020",NA,"47260",NA,"F",23366980,417861,"+37.2692930","-076.7067172",0.330846450803025,37624884.5723,4,16.8174379920624,4
"127",132,"Winchester city",382,344,332,311,NA,1369,786,207,47,2.33,"0500000US51840",28194,0.49,0.51,37,18.2,64.5,9.5,0.2,2.1,0,0.9,4.6,12268,61321,5.19,87,34,"22,613","68.9","4,100","81.6","14,766","23","87.9","64.2","35.4",11018,89.44,81.68,53,"51","840","01789077","51840","Winchester","25","C7","G4020","548","49020",NA,"F",23912612,54098,"+39.1738688","-078.1763562",0.241894184839695,39933042.7484,20,83.4490566323851,20
"128",96,"Wise County",398,413,389,342,1,1543,860,256,6,0.24,"0500000US51195",36531,0.53,0.47,42,1.3,91.1,5.4,0.2,0.5,0,0.2,1.4,16820,44884,7.46,78,15,"30,336","47.2","4,394","65.5","12,328","22.2","90.8","58.8","48.7",14025,86.18,68.68,79,"51","195","01496656","51195","Wise","06","H1","G4020",NA,NA,NA,"A",1044253465,5284469,"+36.9745607","-082.6215601",2.26263972347072,1647518970.39,14,1.33392029011523,14
"129",97,"Wythe County",353,304,295,302,NA,1254,534,139,8,0.43,"0500000US51197",28347,0.49,0.51,46,1.3,93.5,2.1,0.1,0.8,0.1,0.2,2,14033,52726,3.51,89,20,"23,654","56.9","3,502","73.5","12,523","24","92.7","64.7","41.1",12125,86.19,78.15,130,"51","197","01501379","51197","Wythe","06","H1","G4020",NA,NA,NA,"A",1196118575,7311856,"+36.9014709","-081.0842090",1.63794703199025,1886214978.4,8,0.664774140323227,8
"130",98,"York County",1017,1064,960,1008,NA,4049,812,461,23,0.38,"0500000US51199",69635,0.49,0.51,40,7,69.1,13,0.1,5.3,0,0.4,5,27633,96144,1.76,95,49,"54,950","67.4","11,482","73.1","34,810","24","96.4","87.5","25.9",25389,95.45,91.35,50,"51","199","01480182","51199","York","06","H1","G4020",NA,"47260",NA,"A",271377597,285362147,"+37.2209139","-076.3955330",1.80620365875441,879976839.041,5,0.898085622385093,5
