GEO_ID,Division,Population,Male(%),Female(%),Median_age,Hispanic+Latino(%),White(%),Black(%),Amr_Indian+Alaska(%),Asian(%),Hawaiian(%),Other_race(%),More_races(%),Housing_units,Household_Median_Income (dollar) ,<9th_grade(%) ,High_school_or_higher(%),Bachelor_or_higher(%),Population_(16yr<),In_labor_force(%),Household_with_children (6~ 17yr),All_parents_in_labor_force_with_child(6~17yr)(%),Workers (16yr<),Mean_Commuting_time (minutes),With_health_insurance(%),Private_health_insurance(%),With_public_coverage(%),Num_Households,computing_devices>=1(%),Internet_access(%)
0500000US51001,Accomack County,33388,0.49,0.51,47,9.1,59.7,28.5,0.2,0.8,0,0.1,1.6,21661,50601,5.94,82,21,"27,325",55.4,"4,297",78.1,"14,104",22.1,87.7,59.6,46.1,14152,84.03,77.46
0500000US51003,Albemarle County,111438,0.48,0.52,39,5.9,76.4,8.7,0.3,5.5,0.1,0.2,3,46661,90568,2.21,93,59,"91,542",62.2,"15,018",78.2,"53,991",21.9,94.3,82.2,26.7,43066,95.13,89.55
0500000US51005,Alleghany County,15266,0.49,0.51,48,1.6,91.2,5.5,0,0,0,0.3,1.4,7948,49705,3.69,89,15,"12,720",51.8,"1,972",63.5,"6,270",24.1,93.3,63.9,43.8,6405,85.45,76.71
0500000US51007,Amelia County,13220,0.49,0.51,45,3.3,73.3,22,0,0,0,0,1.3,5675,57420,6.6,85,18,"10,745",62.7,"2,022",60.6,"6,187",38.1,92.2,72.4,35,5190,85.32,77.59
0500000US51009,Amherst County,31381,0.48,0.52,45,2.6,74.2,18.5,0.8,0.7,0.1,0.8,2.3,14229,60876,4.04,88,22,"25,876",61.3,"3,813",83.4,"14,718",28.3,91.1,69.5,35.6,12538,87.33,78.27
0500000US51011,Appomattox County,16039,0.48,0.52,43,2,76.5,18.1,0,0.2,0,1.1,2,7261,55268,4.08,89,20,"12,956",60.5,"2,286",67.1,"7,386",25.3,91,66.2,41.2,6187,88.35,76.84
0500000US51013,Arlington County,235764,0.5,0.5,35,15.5,60.2,9.1,0.2,10.2,0,0.5,4.3,117546,128145,3.36,95,76,"196,986",78.6,"26,725",76,"148,211",28.4,94,87.7,15.6,109528,96.65,93.56
0500000US51015,Augusta County,76948,0.51,0.49,45,3.2,89.6,4.3,0.2,0.6,0.1,0.3,1.7,32502,69082,3.66,89,23,"64,039",59.4,"9,598",78.9,"36,339",25,91.9,73,35.4,29880,89.8,82.18
0500000US51017,Bath County,4243,0.51,0.49,51,0.4,95.2,3.7,0.4,0.3,0,0,0,3349,55807,7.5,85,19, N/A , N/A, N/A, N/A, N/A, N/A, N/A, N/A, N/A,1823,83.43,75.75
0500000US51019,Bedford County,79183,0.49,0.51,47,2.5,86.8,6.2,0.1,1.2,0,0.4,2.9,37207,70870,2.43,92,31,"65,418",58.7,"10,251",71,"36,552",26.4,93.5,76.6,34.5,32269,92.08,83.83
0500000US51021,Bland County,6278,0.57,0.43,46,0.9,93.5,4.5,0,0.1,0,0,1,3204,54556,3.14,89,13,  N/A , N/A, N/A, N/A, N/A, N/A, N/A,N/A,N/A,2260,78.05,63.36
0500000US51023,Botetourt County,33542,0.5,0.5,47,1.9,91.8,2.6,0.2,0.5,0.2,0,2.7,14867,72941,2.63,94,27,"27,915",60.6,"4,561",75.5,"15,842",26.2,94.5,77.6,32.6,13076,88.48,83.79
0500000US51025,Brunswick County,16044,0.54,0.46,43,1.6,40.7,55,0.2,0,0,0,2.5,7944,49597,5.63,78,16,"13,723",49.6,"1,669",74.5,"6,124",31.7,94.3,63.5,46.5,5905,84.81,78.14
0500000US51027,Buchanan County,20615,0.5,0.5,48,0.9,94.4,2.3,0.8,0.1,0,0.2,1.2,10475,37093,10.53,74,11,"17,691",37.6,"2,156",57.3,"6,155",27.7,91.7,46.9,58.9,7440,79.74,70.59
0500000US51029,Buckingham County,16832,0.55,0.45,43,2.5,61.2,32.6,0.5,0,0,0.2,2.9,7178,49841,8.54,81,12,"14,074",49,"1,806",72.4,"6,189",39.3,88.2,58.2,43.5,5724,80.96,66.02
0500000US51031,Campbell County,55656,0.49,0.51,43,2.9,78.3,14.2,0.2,0.9,0,0.5,2.9,25159,53918,3.78,89,24,"45,702",59.8,"7,215",71.1,"25,585",24,92,68.7,36.9,22243,88.73,78.52
0500000US51033,Caroline County,30861,0.5,0.5,40,5.5,63.1,25.5,0.4,1,0,0.7,3.9,12373,76528,3.43,89,22,"24,587",67.5,"4,203",68,"15,635",34.3,93.2,75.5,32.4,11000,93.39,82.75
0500000US51035,Carroll County,29123,0.51,0.49,48,4,93.8,0.4,0.1,0,0,0,1.7,16616,45220,8.67,82,15,"24,494",53.9,"3,318",71.5,"12,226",26.9,90.2,60.6,45.8,12127,81.83,75.71
0500000US51036,Charles city County,6817,0.5,0.5,51,2.1,43.1,44.2,5.9,0.3,0,0.1,4.3,3261,59543,3.98,83,16,  N/A , N/A, N/A, N/A, N/A, N/A, N/A,N/A,N/A,2932,82.81,67.94
0500000US51037,Charlotte County,11605,0.51,0.49,47,2.4,68,26.7,0,0.4,0,0,2.4,6003,45567,4.97,84,15,"9,274",53,"1,641",72.6,"4,571",31,89.8,58.7,45.7,4606,77.64,69.56
0500000US51041,Chesterfield County,359798,0.48,0.52,39,9.5,60,22.9,0.2,3.3,0.1,0.4,3.6,136775,88315,3.14,93,41,"284,357",68.1,"55,870",76.7,"181,447",26.4,92.5,78,28.3,131350,96.38,92.32
0500000US51043,Clarke County,14726,0.5,0.5,48,6.2,85,4.8,0,1.5,0,0.3,2.2,6341,86633,2.49,92,35,"12,296",62,"1,994",76.6,"7,237",35.9,92.1,80.3,28.1,5692,94.69,85.38
0500000US51045,Craig County,4914,0.48,0.52,49,0,96.2,0,0,0,0,0,3.8,2623,60283,3.98,89,21,  N/A , N/A, N/A, N/A, N/A, N/A, N/A,N/A,N/A,1941,94.59,87.53
0500000US51047,Culpeper County,52021,0.5,0.5,39,11.9,68.5,12.9,0.3,0.9,0.1,0.4,5,19020,85274,3.86,89,27,"40,924",65.5,"7,908",68,"25,297",37.1,90.9,71.3,31.9,17692,93.62,89.35
0500000US51049,Cumberland County,9669,0.5,0.5,45,1.2,63.5,30,0.1,0.8,0,0,4.5,4638,57568,4.83,88,17,"8,106",64.2,"1,385",62.3,"4,912",38.8,90.5,70.8,34.6,3990,86.52,75.76
0500000US51051,Dickenson County,14256,0.51,0.49,45,1,97.4,0.8,0.1,0.1,0,0,0.4,7382,33905,8.41,80,10,"11,856",37.7,"1,904",54.7,"4,227",27.1,93,52.3,57.1,5573,81.45,72.71
0500000US51053,Dinwiddie County,28040,0.5,0.5,43,3.8,62.2,31.5,0,0.8,0.1,0.5,1.3,11775,68918,3.8,89,18,"22,910",61.4,"3,666",79.4,"12,998",31.1,93.9,73.4,35.9,10268,89.61,79.23
0500000US51057,Essex County,10621,0.46,0.54,47,4,54.1,38.2,0,0.6,0,0.1,3.1,5744,54375,4.95,85,16,"8,881",56.2,"1,269",81.6,"4,371",36.4,89.9,57.6,51.8,4299,84.39,69.62
0500000US51059,Fairfax County,1170805,0.99,1.01,76,34.1,103.9,14.9,0.1,38.3,0.1,0.8,7.8,434588,252466,6.76,186,125,925748,143.7,180517,152.9,624580,60.9,185.5,166.2,41.9,417763,196.37,191.44
0500000US51061,Fauquier County,72416,0.5,0.5,41,9.2,78.6,6.8,0.3,1.6,0,0.2,3.2,27966,111368,2.74,93,38,"57,539",66.9,"11,573",69.4,"36,740",38.7,92.3,81.8,24.2,25472,94.96,90.89
0500000US51063,Floyd County,15536,0.49,0.51,48,2.9,92.9,2.8,0.1,0.4,0,0.2,0.6,7933,51612,4.14,90,21,"12,960",61,"2,157",79.3,"7,590",33.5,92.9,71.3,35.8,6695,83.29,76.76
0500000US51065,Fluvanna County,27078,0.47,0.53,43,3.8,76.9,14.4,0.1,0.8,0.1,0.6,3.4,11061,82983,1.45,93,36,"22,257",61,"3,706",78.1,"12,986",32.7,92,77.9,29.6,9979,94.11,89.61
0500000US51067,Franklin County,54829,0.49,0.51,48,2.9,86.9,7.7,0.2,0.7,0,0,1.6,28339,59667,4.15,89,23,"45,906",53.4,"6,757",63.1,"23,337",31,90.7,65.1,42.2,22033,86.87,79.57
0500000US51069,Frederick County,90287,0.5,0.5,40,9.5,81.8,3.9,0.1,1.6,0.1,0.2,2.8,35335,84317,4.8,88,28,"72,182",63.7,"13,750",73.9,"43,380",33.2,91.6,74.4,30.9,32723,91.05,85.5
0500000US51071,Giles County,16764,0.49,0.51,45,1.8,94.4,1.9,0,0,0.4,0,1.6,8312,57911,3.68,90,19,"13,723",57,"2,056",73.1,"7,595",28.4,91.5,68.8,36.2,6824,85.04,79.09
0500000US51073,Gloucester County,38586,0.5,0.5,45,3.9,83.6,8.5,0,0.7,0,0.2,3,16952,77733,3.12,89,25,"31,592",62.4,"5,294",76.6,"18,657",35,94.3,75.8,33.9,14882,91.77,85.75
0500000US51075,Goochland County,24300,0.5,0.5,49,3.1,77.3,15.2,0,1.7,0,0.1,2.5,10321,100517,2.38,94,46,"20,575",57.1,"2,939",61.9,"11,090",30.2,96.1,83.6,30.5,9454,93.52,88.13
0500000US51077,Grayson County,15418,0.51,0.49,48,3.7,89.1,4.7,0.1,1.8,0,0,0.6,8956,43022,6.23,83,16,"13,077",50.1,"1,562",77.1,"6,040",25.5,86.8,57.1,44.6,6112,84.15,75.74
0500000US51079,Greene County,20374,0.48,0.52,40,6.3,80.3,6.2,0.2,2.1,0.1,1.4,3.4,8420,73844,3.92,88,29,"16,177",67.8,"3,349",76.3,"10,168",32.4,91.8,73.4,33.1,7533,94.6,87.65
0500000US51081,Greensville County,11465,0.63,0.37,40,2.6,36,54.5,0.1,0.1,0,0.1,6.7,4029,53063,6.38,77,11,"9,894",40,"1,101",61.9,"3,572",23.1,89.4,58.2,48,3183,86.8,78.86
0500000US51083,Halifax County,34228,0.48,0.52,46,2.3,59.6,35,0.1,0.2,0,0,2.9,17387,45962,7.24,83,16,"28,149",51.8,"4,622",70.4,"13,534",24.6,92.2,59.2,49.3,13506,72.33,63.64
0500000US51085,Hanover County,109232,0.49,0.51,42,3.2,82.7,8.4,0.2,1.7,0,0.3,3.4,42692,96911,2.1,94,41,"88,340",67.2,"16,716",80.4,"56,652",26.9,95.1,82.1,27.1,40310,94.8,89.84
0500000US51087,Henrico County,331924,0.48,0.52,39,6,51.5,29.4,0.1,9.2,0,0.4,3.4,139826,76345,2.87,93,45,"264,815",69.2,"49,652",77.5,"171,941",22.5,93.1,76.7,28.6,132465,94.08,89.64
0500000US51089,Henry County,51077,0.48,0.52,48,5.9,69.1,22.7,0,0.6,0,0.2,1.6,25545,41103,7.57,81,15,"42,064",51.6,"6,534",74.8,"19,666",24.6,91.1,52.6,52,20516,81.87,72.72
0500000US51091,Highland County,2229,0.47,0.53,57,0,92.3,0,0,3.1,0,0,4.6,1800,52901,3.2,92,28,  N/A , N/A, N/A, N/A, N/A, N/A, N/A,N/A,N/A,987,81.97,76.09
0500000US51093,Isle of Wight County,38301,0.5,0.5,44,3.8,69.8,22.2,0.1,0.9,0,0.1,3.1,16304,84673,2.21,91,29,"31,218",65,"5,525",84.2,"18,553",30,93.7,78.7,31.4,15063,90.44,82.12
0500000US51097,King and Queen County,6690,0.53,0.47,48,3.5,66,24.2,0.3,0,0,1.1,4.9,3452,61672,2.94,88,21,  N/A , N/A, N/A, N/A, N/A, N/A, N/A,N/A,N/A,2803,84.8,68.32
0500000US51099,King George County,26597,0.51,0.49,38,6,71.4,16.5,0.1,1.2,0,1.2,3.7,10248,101599,2.78,92,35,"20,673",68.4,"4,567",69.1,"13,509",35.1,95.3,82.5,28,9445,95.38,90.16
0500000US51101,King William County,17511,0.5,0.5,41,2.9,77.2,15.1,0.9,1.4,0.1,0,2.4,7304,74592,2.18,93,25,"13,930",68.2,"2,536",82.3,"9,199",38.2,94.6,80.2,29.7,6667,92.35,75.01
0500000US51103,Lancaster County,10916,0.48,0.52,57,1,67.1,29.1,0,0.9,0,0,2,7454,64460,3.55,90,33,"9,455",47.7,"1,231",67.2,"3,954",29.1,92.2,70,49.3,5197,80.03,73.77
0500000US51105,Lee County,22482,0.53,0.47,46,2,92.9,3.7,0.1,0.3,0,0,1,10947,37574,9.49,80,11,"18,937",41.6,"2,372",68.5,"6,845",27.3,89.2,48.3,56.2,8244,81.56,56.66
0500000US51107,Loudoun County,413574,0.5,0.5,37,13.7,54.1,7.3,0.2,19.9,0.1,0.5,4.1,139439,156821,2.95,94,63,"311,655",74.6,"78,030",74.7,"220,693",33.1,94.5,87.5,15.1,135690,98.24,96.29
0500000US51109,Louisa County,37136,0.5,0.5,45,3.3,76.8,13.7,0.2,0.5,0,0.1,5.3,17409,70974,3.67,89,26,"30,428",60.7,"4,428",75.6,"16,900",35.3,92.2,69.1,38.9,14192,92.69,83
0500000US51111,Lunenburg County,11982,0.53,0.47,44,5.5,58.6,33.3,0,0.4,0,0,2.2,5880,47269,6.6,80,12,"9,793",50,"1,395",71.8,"4,553",32.6,90.5,63,45.7,4304,66.64,59.29
0500000US51113,Madison County,13731,0.49,0.51,47,3.1,84.7,7.4,0,0.8,0,0.1,3.9,6036,72349,4.1,88,25,"11,260",60.4,"1,782",78,"6,386",28.7,94.2,68.3,39.6,5175,91.73,81.1
0500000US51115,Mathews County,8548,0.49,0.51,53,2.9,84.6,9.3,0,0,0,0,3.1,5502,73229,2.13,93,30,"7,484",49,830,72.8,"3,296",38.7,89.8,66.5,45.1,3558,88.36,72.48
0500000US51117,Mecklenburg County,30347,0.5,0.5,48,3,60.3,33.9,0.4,0.9,0,0,1.4,19003,46378,5.36,86,22,"25,303",51.5,"3,605",70.4,"12,292",24.9,91.8,65.5,45.3,12655,76.79,68.83
0500000US51119,Middlesex County,10686,0.51,0.49,55,3,77.8,14.6,0.2,1.4,0.1,1.3,1.6,7125,63782,4.56,88,27,"9,206",53.3,"1,068",67.5,"4,507",29.3,93.4,67.5,51.3,4579,85.78,71.92
0500000US51121,Montgomery County,99294,0.52,0.48,30,3.5,83.3,4.1,0.3,6.5,0.2,0.3,1.9,41085,60666,1.51,94,46,"85,706",55.1,"10,064",71.8,"44,417",18.1,94.1,79.9,24.4,35533,94.82,90.01
0500000US51125,Nelson County,14795,0.5,0.5,52,4.5,81,12.3,0,0.2,0,0.4,1.5,9902,67707,4.39,84,30,"12,458",57.3,"1,686",72.6,"6,521",31.7,91.8,65.5,44,6149,88.99,74.78
0500000US51127,New Kent County,22519,0.51,0.49,42,3.8,77.6,12.7,0.8,1,0,0,4.1,8919,101628,1.45,93,33,"18,505",64.9,"3,154",81.5,"11,439",32.2,95.6,85.4,24.4,8306,93.9,85.36
0500000US51131,Northampton County,12226,0.48,0.52,51,9.3,54.9,31.9,0,1.1,0,0,2.9,7364,50347,6.1,86,28,"10,118",51.8,"1,372",80.1,"4,837",24.3,89.2,62.9,46.4,5292,88.78,81.75
0500000US51133,Northumberland County,11965,0.47,0.53,60,3.9,68.3,21.7,0,0.3,0,0,5.8,8986,61291,3.51,90,34,"10,484",42.3,"1,262",74.9,"4,023",35.1,91.8,71.7,51.5,5127,86.23,79.5
0500000US51135,Nottoway County,15667,0.55,0.45,41,4.8,54.2,39.6,0.1,0.4,0,0,1,6639,54614,5.98,83,16,"12,981",47.5,"1,938",75.1,"5,688",32.4,86.6,59.3,41.8,5309,75.53,67.9
0500000US51137,Orange County,36001,0.5,0.5,43,5.6,77.1,12.6,0,1.4,0,0.2,3.2,15529,79211,3.49,90,26,"29,204",61.4,"4,878",67.4,"16,747",38.6,92.9,74,35.2,13970,91.66,85.4
0500000US51139,Page County,23734,0.5,0.5,45,2.2,92.9,1.2,0.1,0.4,0,0.4,2.8,11750,53168,5.92,83,15,"19,419",59.2,"3,094",75.1,"10,693",33.6,87.6,65.1,39.3,9355,79.68,74.35
0500000US51141,Patrick County,17661,0.5,0.5,50,3.3,89.6,5.7,0.1,0.4,0,0.1,0.8,10014,47215,6.73,83,16,"14,894",53.3,"1,696",72.3,"7,609",32,91.8,60.8,45.4,7732,81.85,74.56
0500000US51143,Pittsylvania County,60833,0.49,0.51,48,2.8,73.8,19.8,0.1,0.4,0,0,3.1,29656,49486,5.7,84,14,"50,990",54.5,"7,355",74.4,"25,913",25.2,92.4,62.4,44.8,24663,84.24,73.5
0500000US51145,Powhatan County,29979,0.53,0.47,46,2.4,85.3,9.1,0.1,0.2,0,0.3,2.6,11415,101395,1.91,91,31,"25,367",59.6,"3,642",84.3,"14,631",32.8,95.1,83.4,27,10722,96.52,91.31
0500000US51147,Prince Edward County,21887,0.51,0.49,32,3.3,60.8,31,0.3,0.9,0.6,0.1,3.1,9119,49019,5.6,86,25,"18,876",44.6,"1,868",73.6,"7,679",21.8,91.7,70.6,35,7113,81.89,74.33
0500000US51149,Prince George County,42170,0.54,0.46,37,8.7,54.1,30,0.4,1.5,0.4,0.5,4.4,13239,78895,3.01,89,24,"33,708",57,"6,195",73.3,"17,807",25.8,94.9,79.6,32.8,12492,94.32,88.44
0500000US51153,Prince William County,477224,0.5,0.5,36,24.5,40.8,20.3,0.2,9.4,0.1,0.4,4.3,156845,113831,5.72,90,43,"363,139",72.9,"84,215",74.1,"248,009",39.2,89.5,78.1,22.3,150488,98.08,96.01
0500000US51155,Pulaski County,33893,0.5,0.5,47,1.9,90.2,4.9,0,0.6,0.2,0.2,2,17016,55446,3.63,89,20,"28,651",54.8,"3,629",73.3,"14,846",24.7,93.1,67.2,40.6,14534,86.93,74.91
0500000US51157,Rappahannock County,7400,0.51,0.49,48,4,87.9,4,0.3,0.5,0,0.2,3.1,3843,90307,3.35,92,32,"6,138",59.6,791,52.3,"3,451",40.8,86.5,67.2,38.7,2773,96.25,85.68
0500000US51159,Richmond County,8902,0.58,0.42,44,7.4,60.2,27.1,0.4,0,0,0,4.9,3934,57697,6.68,78,17,"7,601",42.6,964,36.3,"3,127",28.2,93.9,73.3,40.3,2811,80.79,74.96
0500000US51161,Roanoke County,96303,0.48,0.52,44,3.3,84.9,5.8,0.1,3.6,0,0.1,2.1,42007,74622,2.41,94,37,"79,209",61,"13,193",77.5,"46,087",22.8,95.2,78.4,32.9,39087,91.87,86.8
0500000US51163,Rockbridge County,22663,0.5,0.5,49,2.1,91.5,3.4,0.5,0.9,0,0.2,1.4,11261,57828,3.74,89,28,"19,165",55.1,"2,558",81.7,"9,729",27,93.2,70.1,42.3,9045,88.3,82.3
0500000US51165,Rockingham County,83090,0.49,0.51,40,7.5,87.5,2.3,0,0.9,0.1,0.3,1.5,35388,67484,5.76,86,28,"66,850",64.5,"12,232",79.8,"41,092",21.9,89.7,72.6,30.6,31189,88.62,81.29
0500000US51167,Russell County,25932,0.5,0.5,47,0.5,96.3,1.5,0.2,0,0,0,1.4,12857,41100,9.25,82,12,"21,644",44,"2,997",65.7,"8,609",28.2,92.7,56.3,49.4,10355,78.27,64.71
0500000US51169,Scott County,21576,0.51,0.49,47,1.4,96.4,0.9,0.2,0,0.1,0,0.9,11790,42561,8.45,82,14,"17,974",47,"2,458",65.6,"7,969",30.3,91,59.4,48.4,8612,78.94,69.3
0500000US51171,Shenandoah County,44037,0.49,0.51,44,7.6,86.4,1.8,0,1.1,0,0.2,2.8,21114,58609,3.81,89,20,"35,923",60.5,"6,016",75.8,"20,401",29.8,93.2,69.2,40.6,17487,87.58,81.15
0500000US51173,Smyth County,29960,0.5,0.5,45,2.2,93.8,2,0.2,0.6,0,0,1.2,15148,42588,5.88,84,16,"24,945",50.9,"3,639",70.7,"11,973",22.4,91.8,59.2,48,12607,84.11,77.61
0500000US51175,Southampton County,18028,0.53,0.47,47,2,60.8,31.6,0.2,0.2,0,0.4,4.7,7703,65079,4.9,86,19,"14,966",55.9,"2,255",83.1,"7,764",32.1,94.6,67.6,41.3,6661,88.2,81.85
0500000US51177,Spotsylvania County,138493,0.49,0.51,38,10.7,66,16.1,0.2,2.6,0,0.3,4.1,51085,98973,2.65,92,33,"108,285",68.3,"22,482",70.5,"68,338",37.9,92.4,76.7,29.6,47944,96.38,93.44
0500000US51179,Stafford County,154204,0.51,0.49,36,14.1,58.3,17.9,0.2,3.2,0,0.4,5.8,51947,119818,2.65,93,42,"118,615",69.4,"28,139",73.2,"77,282",39.2,92.8,83.1,22.6,49469,98.15,95.94
0500000US51181,Surry County,6563,0.49,0.51,50,2.7,53.2,43.2,0,0.1,0,0,0.7,3410,61105,4.3,85,23,  N/A , N/A, N/A, N/A, N/A, N/A, N/A,N/A,N/A,2720,84.01,72.76
0500000US51183,Sussex County,10960,0.6,0.4,41,3.2,38.8,55.9,0,0.3,0,0,1.7,4645,56968,5.74,80,13,"9,376",51.3,"1,089",77.2,"4,420",34.6,90.8,63.3,41.8,3656,83.92,74.62
0500000US51185,Tazewell County,40615,0.5,0.5,45,1.1,93.6,3.4,0.1,0.7,0,0,1.1,19946,42937,7.06,85,16,"33,500",46.8,"4,908",62.5,"14,255",25.1,92.7,56.6,50.1,15759,86.52,80.92
0500000US51187,Warren County,40442,0.5,0.5,41,5.4,85.3,4.5,0.1,1.2,0,0.6,3,16656,72840,3.84,88,22,"32,412",63.7,"5,459",66.1,"19,117",40,88.6,69.9,31.9,15082,92.58,87.81
0500000US51191,Washington County,53997,0.5,0.5,47,1.6,94.9,1.6,0.1,0.5,0,0,1.3,25490,54737,4.9,88,25,"45,688",54.7,"5,940",69.8,"23,403",24.9,91.3,62.9,42.7,21845,87.46,80.19
0500000US51193,Westmoreland County,18324,0.49,0.51,48,6.6,63.3,25.5,0.2,1,0,0.6,2.8,11080,53113,5.98,83,17,"15,264",54,"2,270",74.7,"7,236",40.4,89,62,47.7,7873,86.29,76.29
0500000US51195,Wise County,36531,0.53,0.47,42,1.3,91.1,5.4,0.2,0.5,0,0.2,1.4,16820,44884,7.46,78,15,"30,336",47.2,"4,394",65.5,"12,328",22.2,90.8,58.8,48.7,14025,86.18,68.68
0500000US51197,Wythe County,28347,0.49,0.51,46,1.3,93.5,2.1,0.1,0.8,0.1,0.2,2,14033,52726,3.51,89,20,"23,654",56.9,"3,502",73.5,"12,523",24,92.7,64.7,41.1,12125,86.19,78.15
0500000US51199,York County,69635,0.49,0.51,40,7,69.1,13,0.1,5.3,0,0.4,5,27633,96144,1.76,95,49,"54,950",67.4,"11,482",73.1,"34,810",24,96.4,87.5,25.9,25389,95.45,91.35
0500000US51510,Alexandria city,158185,0.48,0.52,37,16.5,51.5,21.1,0.1,6.4,0,0.3,4.1,80040,105450,4.13,93,65,"131,596",78.3,"16,039",70.1,"98,482",30.9,90.8,78.7,22.3,74224,96.66,93.2
0500000US51520,Bristol city,16996,0.47,0.53,43,2.6,87.8,6,0,0.3,0,0,3.4,8692,43879,2.57,87,23,"13,855",58,"2,208",70.1,"7,611",18.1,86.8,55.9,44,7347,85.31,76.59
0500000US51530,Buena Vista city,6649,0.46,0.54,36,1.7,87.3,7.5,0.1,0.7,0.3,0.5,1.8,2941,42156,5.74,80,19,  N/A , N/A, N/A, N/A, N/A, N/A, N/A,N/A,N/A,2581,83.84,84.15
0500000US51540,Charlottesville city,46597,0.48,0.52,33,5.7,65.4,17.9,0.2,7,0,0.5,3.3,21285,63470,2.79,92,58,"39,922",64.5,"4,143",77.4,"24,261",17.7,93,78.8,23.4,19312,95.05,87.87
0500000US51550,Chesapeake city,247172,0.49,0.51,37,6.8,55.8,28.8,0.1,3.4,0.1,0.5,4.5,94035,85563,2.1,94,35,"193,851",67,"39,809",74.5,"121,283",26.1,93.3,78.8,28.5,89413,96.62,93
0500000US51570,Colonial Heights city,18127,0.46,0.54,39,6.7,70.3,16.2,0.2,3.5,0,0,3,8107,65570,3.64,92,26,"14,372",64.6,"2,658",82,"8,490",26.1,92.2,72.6,38.1,7465,92.54,85.1
0500000US51580,Covington city,5716,0.48,0.52,42,2.6,80.5,11.9,0,1.2,0,0,3.8,3046,41242,2.36,89,14,  N/A , N/A, N/A, N/A, N/A, N/A, N/A,N/A,N/A,2547,88.34,83.16
0500000US51590,Danville city,42556,0.46,0.54,41,4.7,40.9,48.9,0,1.3,0.1,0.2,3.8,22264,38904,5.13,84,18,"34,118",52.9,"6,038",62.9,"16,324",19,90.6,54.1,50.9,18590,84.83,72.95
0500000US51610,Falls Church city,14494,0.5,0.5,39,10.7,70.6,4.5,0,9.2,0,0.3,4.6,6069,155071,1.53,97,79,"11,459",74.3,"2,593",69.4,"7,973",27.8,98.9,95.7,13.9,5630,99.17,96.54
0500000US51620,Franklin city,8249,0.47,0.53,39,2.9,37.6,53.3,0,2.8,0,0,3.4,3878,49424,4.63,84,21,"6,252",59.8,"1,221",78.1,"3,362",25.9,95.6,57.4,55.5,3474,87.77,79.56
0500000US51630,Fredericksburg city,28027,0.46,0.54,31,11.3,58,20,0.1,3.5,0,0.2,6.9,11961,72293,4.72,91,43,"22,755",71.1,"3,470",67.1,"15,220",29.5,89.9,73.4,27.3,11198,94.61,88.38
0500000US51640,Galax city,6681,0.46,0.54,42,17.8,75.1,4.2,0.1,0.5,0.4,0.3,1.5,3255,39808,7.82,79,18,  N/A , N/A, N/A, N/A, N/A, N/A, N/A,N/A,N/A,2780,88.27,81.65
0500000US51650,Hampton city,136748,0.48,0.52,36,6.3,36.9,48.4,0.3,2.2,0.1,0.8,5,62183,59380,2.4,93,27,"110,392",66.1,"18,001",81.2,"67,356",22.3,92.4,70.2,39.1,57116,93.74,86.91
0500000US51660,Harrisonburg city,52062,0.49,0.51,26,20.5,64.3,6.6,0,3.1,0,0.7,4.9,18569,51055,8.56,83,35,"44,411",59.4,"5,300",77.3,"23,937",16.5,88.9,70.9,25.5,17102,93.12,80.94
0500000US51670,Hopewell city,23020,0.47,0.53,36,8.6,44.2,43.1,0,1,0,0.1,3,10395,44209,4.01,85,11,"17,628",61.3,"3,537",75.8,"9,589",25.6,92.3,55,50.1,9269,90.12,85.73
0500000US51678,Lexington city,7287,0.59,0.41,22,5.6,80,5.3,0,4,0,0.6,4.5,2377,66114,1.47,96,61,"6,815",40.1,330,88.8,"2,456",14.3,98,90.7,20.4,2005,93.87,84.09
0500000US51680,Lynchburg city,78973,0.47,0.53,29,4.5,61.9,28.2,0.1,2.5,0,0.2,2.5,33637,54015,3.75,90,38,"65,578",60.2,"9,217",72.4,"36,156",17,92.4,69.6,34,28939,93.24,88.95
0500000US51683,Manassas city,42596,0.51,0.49,35,38.1,38.9,12.6,0.1,5.6,0,0.3,4.3,14234,101934,7.58,86,32,"32,725",74.3,"7,303",67.4,"22,728",34.7,82.5,64,27.1,13562,96.03,95.62
0500000US51685,Manassas Park city,17081,0.52,0.48,36,41,31.1,13.5,0,11,0,0.1,3.3,5459,90544,12.59,80,26,"13,256",77.9,"2,794",63.2,"9,791",41.5,82.3,62.4,25.3,5155,97.3,95.11
0500000US51690,Martinsville city,13476,0.46,0.54,41,6.7,42.7,44.4,0.6,0.9,0.1,1.1,3.6,7065,36832,4.47,88,22,"10,332",56.8,"2,145",69.5,"5,308",20.1,90.1,50,50.9,5656,88.28,80.23
0500000US51700,Newport News city,185069,0.48,0.52,34,9.6,41.3,40.2,0.2,3.4,0.1,0.8,4.4,81418,57463,2.77,92,28,"145,764",67.6,"25,984",78.3,"91,965",23.5,90.3,67.3,36.5,74922,93.16,81.4
0500000US51710,Norfolk city,238556,0.52,0.48,31,8.6,42.9,40.1,0.2,3.6,0,0.3,4.3,100947,56244,3.18,89,32,"195,993",71.1,"26,290",73.7,"129,276",21.8,89.2,65,36.1,92877,93.47,86.25
0500000US51720,Norton city,3696,0.47,0.53,41,0,96.5,2.4,0,0.1,0,0,1.1,1801,35592,5.44,89,22,  N/A , N/A, N/A, N/A, N/A, N/A, N/A,N/A,N/A,1540,88.96,66.95
0500000US51730,Petersburg city,33229,0.46,0.54,37,5.1,15,75.8,0,1,0.1,0.1,2.8,17853,44890,6,85,22,"26,564",62.5,"3,938",83,"14,284",24.3,89.2,55.8,48.8,14464,87.06,78.58
0500000US51735,Poquoson city,12382,0.5,0.5,43,3.2,90.4,1.5,0,1.8,0,0,3.1,4906,112026,1.84,96,41,"10,117",64.5,"1,974",78.3,"6,334",25.9,97.1,88.4,25.6,4617,94.22,92.07
0500000US51740,Portsmouth city,97454,0.48,0.52,36,4.8,36.5,51.8,0.3,1.5,0,0.3,4.7,42934,54020,2.55,90,21,"76,870",63,"11,923",72.2,"45,044",22.9,90.8,62.4,43,38553,92.32,84.94
0500000US51750,Radford city,16205,0.46,0.54,24,3,83,9.1,0,1.9,0,0.3,2.8,6460,44360,3.79,92,40,"14,588",57.8,"1,038",75,"7,600",18.2,93.3,78,22.2,5545,91.94,85.16
0500000US51760,Richmond city,225676,0.48,0.52,34,7.3,41.4,45,0.1,2.1,0,0.4,3.6,110224,54795,4.7,88,43,"190,100",67.4,"21,647",79.5,"117,797",21.7,89.3,63.7,35.5,98821,91.42,81.2
0500000US51770,Roanoke city,99578,0.48,0.52,38,6.6,57.4,28.6,0.2,3.1,0.1,0.3,3.7,48537,48476,3.8,88,27,"79,108",64.8,"12,902",80.6,"47,194",21.3,89.5,59.4,41.6,42766,88.86,81.03
0500000US51775,Salem city,25335,0.48,0.52,41,3.6,84.2,7.1,0.1,1.9,0.1,0.8,2.3,11086,66472,2.3,93,32,"21,248",62.4,"3,188",70.7,"12,582",19.4,94,78.5,29.5,9971,91.58,85.82
0500000US51790,Staunton city,25358,0.46,0.54,41,3.6,80.1,10.9,0.4,1.3,0.3,0.2,3.2,12264,53041,2.3,92,30,"20,996",60.8,"2,807",82.5,"11,881",22.2,91.3,65.1,40.2,11125,87.29,77.5
0500000US51800,Suffolk city,93268,0.49,0.51,38,4.6,48.5,40.7,0.1,1.8,0,0.3,4,38021,81883,3.5,91,31,"73,337",66.9,"14,713",77.2,"44,903",29.6,93.6,74.7,33.2,35249,93.07,85.44
0500000US51810,Virginia Beach city,457658,0.49,0.51,37,8.6,60.5,18.3,0.1,6.8,0.1,0.4,5.1,189187,81810,1.7,94,39,"367,023",70.3,"64,727",73.8,"244,013",23.5,92.9,79.8,27.6,177046,96.43,92.93
0500000US51820,Waynesboro city,22149,0.49,0.51,39,8.9,73.4,10.9,0.3,1.6,0,0,4.9,10201,47238,5.54,88,28,"17,548",64.8,"3,177",78.7,"10,714",22.5,90.4,65.5,40.1,9419,90.72,84.27
0500000US51830,Williamsburg city,15299,0.47,0.53,26,7.4,67.8,15.6,0,6.6,0,0.2,2.4,5686,65297,2.42,93,50,"13,892",51.3,"1,016",69.2,"6,541",18.7,93.3,82.8,26,4778,97.24,85.52
0500000US51840,Winchester city,28194,0.49,0.51,37,18.2,64.5,9.5,0.2,2.1,0,0.9,4.6,12268,61321,5.19,87,34,"22,613",68.9,"4,100",81.6,"14,766",23,87.9,64.2,35.4,11018,89.44,81.68